score_kind,tau,tp,fp,fn,tn,precision,recall,f1,tpr,fpr,accuracy
entail,0.0,2907,2907,0,0,0.5,1.0,0.6666666666666666,1.0,1.0,0.5
entail,0.01,2891,1179,16,1728,0.7103194103194104,0.9944960440316477,0.828722946825283,0.9944960440316477,0.4055727554179567,0.7944616443068455
entail,0.02,2881,1098,26,1809,0.7240512691631064,0.9910560715514276,0.8367702584954981,0.9910560715514276,0.37770897832817335,0.8066735466116272
entail,0.03,2877,1035,30,1872,0.7354294478527608,0.9896800825593395,0.8438187417509899,0.9896800825593395,0.3560371517027864,0.8168214654282766
entail,0.04,2869,981,38,1926,0.7451948051948052,0.9869281045751634,0.8491934290365547,0.9869281045751634,0.33746130030959753,0.8247334021327829
entail,0.05,2863,947,44,1960,0.7514435695538058,0.9848641210870313,0.8524638975733214,0.9848641210870313,0.325765393876849,0.8295493636050911
entail,0.06,2857,919,50,1988,0.7566207627118644,0.9828001375988992,0.855005237168936,0.9828001375988992,0.31613347093223254,0.8333333333333334
entail,0.07,2855,890,52,2017,0.7623497997329773,0.9821121431028552,0.8583884546001204,0.9821121431028552,0.3061575507395941,0.8379772961816305
entail,0.08,2854,865,53,2042,0.767410594245765,0.9817681458548332,0.8614548747358889,0.9817681458548332,0.2975576195390437,0.8421052631578947
entail,0.09,2846,841,61,2066,0.7719012747491185,0.979016167870657,0.8632089778586595,0.979016167870657,0.2893016855865153,0.8448572411420708
entail,0.1,2843,820,64,2087,0.7761397761397761,0.9779841761265909,0.8654490106544901,0.9779841761265909,0.28207774337805297,0.847953216374269
entail,0.11,2837,801,70,2106,0.779824079164376,0.9759201926384589,0.8669213139801375,0.9759201926384589,0.2755417956656347,0.8501891984864121
entail,0.12,2832,772,75,2135,0.7857935627081021,0.9742002063983488,0.8699124558439564,0.9742002063983488,0.2655658754729962,0.8543171654626763
entail,0.13,2830,760,77,2147,0.7883008356545961,0.9735122119023047,0.8711713098353085,0.9735122119023047,0.26143790849673204,0.8560371517027864
entail,0.14,2827,749,80,2158,0.7905480984340044,0.9724802201582388,0.8721271016504705,0.9724802201582388,0.25765393876848985,0.8574131406948744
entail,0.15,2824,740,83,2167,0.792368125701459,0.9714482284141727,0.8728171843609951,0.9714482284141727,0.25455796353629173,0.8584451324389405
entail,0.16,2822,725,85,2182,0.7956019171130533,0.9707602339181286,0.8744964363185622,0.9707602339181286,0.24939800481596147,0.8606811145510835
entail,0.17,2821,718,86,2189,0.7971178298954507,0.9704162366701067,0.8752714861929879,0.9704162366701067,0.24699002407980736,0.8617131062951496
entail,0.18,2817,710,90,2197,0.7986957754465551,0.9690402476780186,0.8756605533105378,0.9690402476780186,0.24423804609563124,0.8624011007911937
entail,0.19,2813,699,94,2208,0.8009681093394078,0.9676642586859305,0.876460507867269,0.9676642586859305,0.24045407636738905,0.8636050911592708
entail,0.2,2809,690,98,2217,0.8028008002286368,0.9662882696938424,0.876990321573525,0.9662882696938424,0.23735810113519093,0.8644650842793258
entail,0.21,2806,678,101,2229,0.8053960964408725,0.9652562779497764,0.8781098419652638,0.9652562779497764,0.23323013415892674,0.8660130718954249
entail,0.22,2805,669,102,2238,0.8074265975820379,0.9649122807017544,0.8791725434884814,0.9649122807017544,0.2301341589267286,0.8673890608875129
entail,0.23,2802,661,105,2246,0.8091250360958706,0.9638802889576883,0.8797488226059654,0.9638802889576883,0.22738218094255247,0.8682490540075679
entail,0.24,2800,651,107,2256,0.8113590263691683,0.9631922944616443,0.8807801195344447,0.9631922944616443,0.22394220846233232,0.869625042999656
entail,0.25,2797,639,110,2268,0.8140279394644936,0.9621603027175782,0.881917073939776,0.9621603027175782,0.21981424148606812,0.8711730306157551
entail,0.26,2794,631,113,2276,0.8157664233576642,0.9611283109735123,0.8825015792798484,0.9611283109735123,0.21706226350189198,0.8720330237358102
entail,0.27,2793,623,114,2284,0.8176229508196722,0.9607843137254902,0.8834414043966472,0.9607843137254902,0.21431028551771586,0.8732370141038872
entail,0.28,2792,613,115,2294,0.8199706314243759,0.9604403164774682,0.8846641318124209,0.9604403164774682,0.2108703130374957,0.8747850017199862
entail,0.29,2790,602,117,2305,0.8225235849056604,0.9597523219814241,0.8858548976027941,0.9597523219814241,0.20708634330925352,0.8763329893360853
entail,0.3,2790,597,117,2310,0.8237378210806023,0.9597523219814241,0.886558627264061,0.9597523219814241,0.20536635706914344,0.8771929824561403
entail,0.31,2788,593,119,2314,0.8246081041112097,0.9590643274853801,0.88676844783715,0.9590643274853801,0.2039903680770554,0.8775369797041623
entail,0.32,2786,577,121,2330,0.8284269997026464,0.9583763329893361,0.8886762360446571,0.9583763329893361,0.19848641210870313,0.8799449604403164
entail,0.33,2784,570,123,2337,0.8300536672629696,0.957688338493292,0.8893148059415429,0.957688338493292,0.19607843137254902,0.8808049535603715
entail,0.34,2778,560,129,2347,0.8322348711803476,0.95562435500516,0.8896717373899119,0.95562435500516,0.19263845889232886,0.8814929480564155
entail,0.35,2774,553,133,2354,0.8337841899609257,0.954248366013072,0.8899582932306704,0.954248366013072,0.19023047815617475,0.8820089439284485
entail,0.36,2771,538,136,2369,0.837413115744938,0.9532163742690059,0.8915701415701416,0.9532163742690059,0.18507051943584452,0.8840729274165807
entail,0.37,2769,534,138,2373,0.8383287920072662,0.9525283797729618,0.8917874396135266,0.9525283797729618,0.18369453044375644,0.8844169246646026
entail,0.38,2769,528,138,2379,0.8398544131028207,0.9525283797729618,0.8926499032882012,0.9525283797729618,0.18163054695562436,0.8854489164086687
entail,0.39,2763,525,144,2382,0.8403284671532847,0.9504643962848297,0.8920096852300241,0.9504643962848297,0.18059855521155832,0.8849329205366357
entail,0.4,2755,517,152,2390,0.8419926650366748,0.9477124183006536,0.8917300534067001,0.9477124183006536,0.17784657722738217,0.8849329205366357
entail,0.41,2752,511,155,2396,0.8433956481765247,0.9466804265565876,0.8920583468395463,0.9466804265565876,0.1757825937392501,0.8854489164086687
entail,0.42,2747,499,160,2408,0.8462723351817621,0.9449604403164775,0.8928977734438485,0.9449604403164775,0.1716546267629859,0.8866529067767458
entail,0.43,2746,493,161,2414,0.847792528558197,0.9446164430684555,0.8935893263911487,0.9446164430684555,0.1695906432748538,0.8875128998968008
entail,0.44,2739,488,168,2419,0.8487759528974279,0.9422084623323014,0.8930551027062277,0.9422084623323014,0.16787065703474371,0.8871689026487788
entail,0.45,2735,483,172,2424,0.8499067743940336,0.9408324733402132,0.893061224489796,0.9408324733402132,0.16615067079463364,0.8873409012727899
entail,0.46,2728,476,179,2431,0.8514357053682896,0.9384244926040591,0.8928162330224185,0.9384244926040591,0.16374269005847952,0.8873409012727899
entail,0.47,2724,470,183,2437,0.8528490920475892,0.9370485036119711,0.8929683658416654,0.9370485036119711,0.16167870657034744,0.8876848985208118
entail,0.48,2721,462,186,2445,0.8548539114043355,0.936016511867905,0.8935960591133005,0.936016511867905,0.15892672858617132,0.8885448916408669
entail,0.49,2715,455,192,2452,0.8564668769716088,0.9339525283797729,0.89353299325325,0.9339525283797729,0.1565187478500172,0.8887168902648779
entail,0.5,2712,448,195,2459,0.8582278481012658,0.932920536635707,0.8940168122630626,0.932920536635707,0.1541107671138631,0.8894048847609219
entail,0.51,2710,442,197,2465,0.8597715736040609,0.9322325421396629,0.8945370523188645,0.9322325421396629,0.15204678362573099,0.8900928792569659
entail,0.52,2706,435,201,2472,0.8615090735434575,0.9308565531475749,0.8948412698412699,0.9308565531475749,0.14963880288957687,0.890608875128999
entail,0.53,2702,431,205,2476,0.8624321736354932,0.9294805641554867,0.8947019867549669,0.9294805641554867,0.14826281389748883,0.890608875128999
entail,0.54,2697,426,210,2481,0.8635926993275697,0.9277605779153767,0.8945273631840795,0.9277605779153767,0.14654282765737875,0.890608875128999
entail,0.55,2695,417,212,2490,0.8660025706940874,0.9270725834193326,0.8954975909619538,0.9270725834193326,0.1434468524251806,0.8918128654970761
entail,0.56,2692,413,215,2494,0.8669887278582931,0.9260405916752666,0.8955422488356619,0.9260405916752666,0.14207086343309253,0.891984864121087
entail,0.57,2689,409,218,2498,0.867979341510652,0.9250085999312005,0.895587010824313,0.9250085999312005,0.14069487444100448,0.8921568627450981
entail,0.58,2686,396,221,2511,0.8715120051914341,0.9239766081871345,0.8969777926198029,0.9239766081871345,0.13622291021671826,0.8938768489852081
entail,0.59,2677,387,230,2520,0.8736945169712794,0.9208806329549364,0.8966672249204488,0.9208806329549364,0.13312693498452013,0.8938768489852081
entail,0.6,2673,382,234,2525,0.8749590834697217,0.9195046439628483,0.8966789667896677,0.9195046439628483,0.13140694874441006,0.8940488476092191
entail,0.61,2671,377,236,2530,0.8763123359580053,0.9188166494668043,0.8970612930310664,0.9188166494668043,0.12968696250429995,0.8945648434812522
entail,0.62,2662,370,245,2537,0.8779683377308707,0.9157206742346061,0.8964472133355784,0.9157206742346061,0.12727898176814587,0.8942208462332302
entail,0.63,2654,363,253,2544,0.8796818031156778,0.91296869625043,0.8960162052667117,0.91296869625043,0.12487100103199174,0.8940488476092191
entail,0.64,2644,355,263,2552,0.8816272090696899,0.9095287237702099,0.8953606501862513,0.9095287237702099,0.12211902304781562,0.8937048503611971
entail,0.65,2635,346,272,2561,0.8839315665883931,0.9064327485380117,0.8950407608695652,0.9064327485380117,0.11902304781561747,0.8937048503611971
entail,0.66,2628,342,279,2565,0.8848484848484849,0.9040247678018576,0.8943338437978561,0.9040247678018576,0.11764705882352941,0.8931888544891641
entail,0.67,2622,333,285,2574,0.8873096446700508,0.9019607843137255,0.8945752302968272,0.9019607843137255,0.11455108359133127,0.8937048503611971
entail,0.68,2615,325,292,2582,0.8894557823129252,0.8995528035775714,0.8944757995553276,0.8995528035775714,0.11179910560715514,0.8938768489852081
entail,0.69,2604,321,303,2586,0.8902564102564102,0.8957688338493293,0.8930041152263374,0.8957688338493293,0.11042311661506708,0.8926728586171311
entail,0.7,2600,310,307,2597,0.8934707903780069,0.8943928448572411,0.8939315798521574,0.8943928448572411,0.10663914688682491,0.8938768489852081
entail,0.71,2595,302,312,2605,0.8957542285122541,0.8926728586171311,0.89421088904204,0.8926728586171311,0.10388716890264878,0.8943928448572411
entail,0.72,2585,295,322,2612,0.8975694444444444,0.8892328861369109,0.8933817176429929,0.8892328861369109,0.10147918816649466,0.8938768489852081
entail,0.73,2574,292,333,2615,0.8981158408932309,0.8854489164086687,0.8917373982331545,0.8854489164086687,0.10044719642242862,0.89250085999312
entail,0.74,2565,285,342,2622,0.9,0.8823529411764706,0.8910891089108911,0.8823529411764706,0.09803921568627451,0.8921568627450981
entail,0.75,2556,279,351,2628,0.9015873015873016,0.8792569659442725,0.8902821316614421,0.8792569659442725,0.09597523219814241,0.891640866873065
entail,0.76,2552,276,355,2631,0.9024045261669024,0.8778809769521844,0.8899738448125545,0.8778809769521844,0.09494324045407637,0.891468868249054
entail,0.77,2539,268,368,2639,0.9045244032775205,0.8734090127278982,0.8886944347217361,0.8734090127278982,0.09219126246990024,0.890608875128999
entail,0.78,2525,259,382,2648,0.9069683908045977,0.8685930512555899,0.887366016517308,0.8685930512555899,0.0890952872377021,0.889748882008944
entail,0.79,2511,253,396,2654,0.908465991316932,0.8637770897832817,0.8855581026274025,0.8637770897832817,0.08703130374957001,0.8883728930168558
entail,0.8,2500,240,407,2667,0.9124087591240876,0.8599931200550396,0.8854258898530193,0.8599931200550396,0.0825593395252838,0.8887168902648779
entail,0.81,2487,233,420,2674,0.9143382352941176,0.8555211558307534,0.8839523724897814,0.8555211558307534,0.08015135878912968,0.8876848985208118
entail,0.82,2468,222,439,2685,0.9174721189591079,0.848985208118335,0.8819010184027158,0.848985208118335,0.07636738906088751,0.8863089095287238
entail,0.83,2456,219,451,2688,0.9181308411214953,0.8448572411420708,0.8799713364385524,0.8448572411420708,0.07533539731682147,0.8847609219126247
entail,0.84,2445,206,462,2701,0.9222934741606941,0.8410732714138287,0.879812882331774,0.8410732714138287,0.07086343309253526,0.8851049191606467
entail,0.85,2425,194,482,2713,0.9259259259259259,0.8341933264533884,0.8776692001447701,0.8341933264533884,0.06673546611627107,0.8837289301685587
entail,0.86,2403,184,504,2723,0.928875144955547,0.826625386996904,0.8747724790680742,0.826625386996904,0.06329549363605091,0.8816649466804266
entail,0.87,2376,171,531,2736,0.9328621908127208,0.8173374613003096,0.8712871287128713,0.8173374613003096,0.058823529411764705,0.8792569659442725
entail,0.88,2346,164,561,2743,0.9346613545816733,0.8070175438596491,0.8661620823333948,0.8070175438596491,0.0564155486756106,0.8753009975920193
entail,0.89,2312,155,595,2752,0.9371706526145116,0.7953216374269005,0.8604391514700409,0.7953216374269005,0.053319573443412455,0.8710010319917441
entail,0.9,2285,138,622,2769,0.9430458109781263,0.7860337117303061,0.8574108818011257,0.7860337117303061,0.047471620227038186,0.869281045751634
entail,0.91,2239,125,668,2782,0.9471235194585449,0.7702098383212934,0.8495541642952003,0.7702098383212934,0.042999656002751976,0.8636050911592708
entail,0.92,2186,110,721,2797,0.9520905923344948,0.7519779841761266,0.8402844512781088,0.7519779841761266,0.03783969728242174,0.8570691434468525
entail,0.93,2137,98,770,2809,0.9561521252796421,0.7351221190230478,0.8311940879035394,0.7351221190230478,0.03371173030615755,0.8507051943584452
entail,0.94,2074,88,833,2819,0.9592969472710453,0.7134502923976608,0.8183073584533439,0.7134502923976608,0.03027175782593739,0.8415892672858617
entail,0.95,1981,73,926,2834,0.9644595910418695,0.6814585483316133,0.7986293086071357,0.6814585483316133,0.025111799105607156,0.8281733746130031
entail,0.96,1843,59,1064,2848,0.9689800210304942,0.6339869281045751,0.7664795175712206,0.6339869281045751,0.020295837633298935,0.8068455452356381
entail,0.97,1670,42,1237,2865,0.9754672897196262,0.5744754041967665,0.723100238146785,0.5744754041967665,0.014447884416924664,0.7800137598899208
entail,0.98,1407,21,1500,2886,0.9852941176470589,0.4840041279669763,0.6491349480968859,0.4840041279669763,0.007223942208462332,0.7383900928792569
entail,0.99,859,6,2048,2901,0.9930635838150289,0.2954936360509116,0.45546129374337224,0.2954936360509116,0.0020639834881320948,0.6467148262813898
entail,1.0,0,0,2907,2907,0.0,0.0,0.0,0.0,0.0,0.5
signed,-1.0,2907,2907,0,0,0.5,1.0,0.6666666666666666,1.0,1.0,0.5
signed,-0.98,2903,1394,4,1513,0.6755876192692576,0.998624011007912,0.805941143808995,0.998624011007912,0.47953216374269003,0.759545923632611
signed,-0.96,2901,1310,6,1597,0.6889099976252672,0.9979360165118679,0.8151166057881428,0.9979360165118679,0.4506363949088407,0.7736498108015136
signed,-0.94,2894,1268,13,1639,0.695338779432965,0.9955280357757138,0.8187862498231716,0.9955280357757138,0.43618851049191604,0.7796697626418989
signed,-0.92,2885,1233,22,1674,0.7005828071879553,0.9924320605435156,0.8213523131672598,0.9924320605435156,0.4241486068111455,0.7841417268661851
signed,-0.9,2879,1200,28,1707,0.7058102476097082,0.9903680770553835,0.8242198683080445,0.9903680770553835,0.41279669762641896,0.7887856897144823
signed,-0.88,2877,1169,30,1738,0.7110726643598616,0.9896800825593395,0.8275564504530418,0.9896800825593395,0.4021327829377365,0.7937736498108016
signed,-0.86,2874,1149,33,1758,0.7143922445935869,0.9886480908152735,0.8294372294372294,0.9886480908152735,0.39525283797729616,0.7966976264189887
signed,-0.84,2872,1123,35,1784,0.7188986232790989,0.9879600963192294,0.8322225441900898,0.9879600963192294,0.38630890952872377,0.8008255933952528
signed,-0.82,2869,1106,38,1801,0.7217610062893082,0.9869281045751634,0.833769253124092,0.9869281045751634,0.3804609563123495,0.803233574131407
signed,-0.8,2866,1079,41,1828,0.726489226869455,0.9858961128310973,0.8365440747227086,0.9858961128310973,0.3711730306157551,0.8073615411076711
signed,-0.78,2863,1055,44,1852,0.7307299642674834,0.9848641210870313,0.8389743589743589,0.9848641210870313,0.3629170966632267,0.8109735122119023
signed,-0.76,2862,1043,45,1864,0.7329065300896287,0.9845201238390093,0.8402818555490311,0.9845201238390093,0.3587891296869625,0.8128654970760234
signed,-0.74,2858,1030,49,1877,0.7350823045267489,0.9831441348469212,0.8412067696835909,0.9831441348469212,0.3543171654626763,0.8144134846921225
signed,-0.72,2854,1017,53,1890,0.7372771893567553,0.9817681458548332,0.8421363233992327,0.9817681458548332,0.3498452012383901,0.8159614723082216
signed,-0.7,2851,1004,56,1903,0.7395590142671855,0.9807361541107671,0.8432416444838806,0.9807361541107671,0.3453732370141039,0.8176814585483316
signed,-0.68,2847,987,60,1920,0.7425665101721439,0.9793601651186791,0.8446817979528259,0.9793601651186791,0.3395252837977296,0.8199174406604747
signed,-0.66,2845,973,62,1934,0.7451545311681509,0.978672170622635,0.8460966542750931,0.978672170622635,0.3347093223254214,0.8219814241486069
signed,-0.64,2841,964,66,1943,0.7466491458607096,0.977296181630547,0.8465435041716329,0.977296181630547,0.33161334709322327,0.8228414172686619
signed,-0.62,2840,957,67,1950,0.7479589149328417,0.976952184382525,0.847255369928401,0.976952184382525,0.32920536635706915,0.8238734090127279
signed,-0.6,2840,944,67,1963,0.7505285412262156,0.976952184382525,0.8489015094903601,0.976952184382525,0.32473340213278296,0.826109391124871
signed,-0.58,2837,934,70,1973,0.7523203394325113,0.9759201926384589,0.8496555855046422,0.9759201926384589,0.3212934296525628,0.8273133814929481
signed,-0.56,2832,924,75,1983,0.7539936102236422,0.9742002063983488,0.8500675371454299,0.9742002063983488,0.31785345717234265,0.8281733746130031
signed,-0.54,2831,913,76,1994,0.7561431623931624,0.9738562091503268,0.8513005563073222,0.9738562091503268,0.31406948744410046,0.8298933608531132
signed,-0.52,2827,898,80,2009,0.7589261744966443,0.9724802201582388,0.8525331724969843,0.9724802201582388,0.3089095287237702,0.8317853457172343
signed,-0.5,2825,887,82,2020,0.7610452586206896,0.9717922256621947,0.8536032633328297,0.9717922256621947,0.305125558995528,0.8333333333333334
signed,-0.48,2824,881,83,2026,0.7622132253711201,0.9714482284141727,0.8542044767090139,0.9714482284141727,0.30306157550739593,0.8341933264533884
signed,-0.46,2822,868,85,2039,0.7647696476964769,0.9707602339181286,0.8555403971502198,0.9707602339181286,0.29858961128310973,0.8360853113175094
signed,-0.44,2820,857,87,2050,0.7669295621430514,0.9700722394220846,0.856622114216282,0.9700722394220846,0.29480564155486755,0.8376332989336085
signed,-0.42,2818,842,89,2065,0.7699453551912568,0.9693842449260406,0.8582305466727578,0.9693842449260406,0.28964568283453734,0.8398692810457516
signed,-0.4,2817,833,90,2074,0.7717808219178082,0.9690402476780186,0.8592344059783437,0.9690402476780186,0.28654970760233917,0.8412452700378397
signed,-0.38,2814,824,93,2083,0.7735019241341397,0.9680082559339526,0.8598930481283422,0.9680082559339526,0.28345373237014104,0.8422772617819058
signed,-0.36,2813,814,94,2093,0.7755720981527433,0.9676642586859305,0.8610345883073156,0.9676642586859305,0.2800137598899209,0.8438252493980049
signed,-0.34,2812,803,95,2104,0.7778699861687414,0.9673202614379085,0.8623121741796995,0.9673202614379085,0.2762297901616787,0.8455452356381149
signed,-0.32,2811,797,96,2110,0.7791019955654102,0.9669762641898865,0.8629316960859554,0.9669762641898865,0.2741658066735466,0.8464052287581699
signed,-0.3,2811,786,96,2121,0.7814845704753962,0.9669762641898865,0.864391143911439,0.9669762641898865,0.27038183694530443,0.848297213622291
signed,-0.28,2809,776,98,2131,0.7835425383542538,0.9662882696938424,0.8653727664818237,0.9662882696938424,0.2669418644650843,0.8496732026143791
signed,-0.26,2806,767,101,2140,0.7853344528407501,0.9652562779497764,0.8660493827160494,0.9652562779497764,0.26384588923288615,0.8507051943584452
signed,-0.24,2802,754,105,2153,0.7879640044994376,0.9638802889576883,0.8670895868791583,0.9638802889576883,0.2593739250085999,0.8522531819745442
signed,-0.22,2798,749,109,2158,0.7888356357485199,0.9625042999656003,0.8670591881004029,0.9625042999656003,0.25765393876848985,0.8524251805985552
signed,-0.2,2794,739,113,2168,0.7908293235210869,0.9611283109735123,0.8677018633540373,0.9611283109735123,0.2542139662882697,0.8534571723426213
signed,-0.18,2788,727,119,2180,0.793172119487909,0.9590643274853801,0.8682653379009655,0.9590643274853801,0.2500859993120055,0.8544891640866873
signed,-0.16,2787,724,120,2183,0.7937909427513529,0.9587203302373581,0.8684948582112808,0.9587203302373581,0.24905400756793947,0.8548331613347093
signed,-0.14,2785,714,122,2193,0.7959416976278937,0.9580323357413141,0.869497346237902,0.9580323357413141,0.24561403508771928,0.8562091503267973
signed,-0.12,2780,707,127,2200,0.7972469171207341,0.956312349501204,0.8695652173913044,0.956312349501204,0.2432060543515652,0.8565531475748194
signed,-0.1,2778,699,129,2208,0.7989646246764452,0.95562435500516,0.8703007518796992,0.95562435500516,0.24045407636738905,0.8575851393188855
signed,-0.08,2774,693,133,2214,0.8001153735217768,0.954248366013072,0.8704110448697836,0.954248366013072,0.23839009287925697,0.8579291365669075
signed,-0.06,2772,687,135,2220,0.8013876843018214,0.9535603715170279,0.8708765315739868,0.9535603715170279,0.23632610939112486,0.8586171310629515
signed,-0.04,2768,676,139,2231,0.8037166085946573,0.9521843825249398,0.8716737521650133,0.9521843825249398,0.2325421396628827,0.8598211214310285
signed,-0.02,2766,663,141,2244,0.8066491688538933,0.9514963880288958,0.8731060606060607,0.9514963880288958,0.22807017543859648,0.8617131062951496
signed,0.0,2758,645,149,2262,0.8104613576256244,0.9487444100447197,0.8741679873217115,0.9487444100447197,0.2218782249742002,0.8634330925352597
signed,0.02,2753,629,154,2278,0.8140153755174453,0.9470244238046096,0.875496899348068,0.9470244238046096,0.21637426900584794,0.8653250773993808
signed,0.04,2753,616,154,2291,0.8171564262392401,0.9470244238046096,0.8773103887826642,0.9470244238046096,0.21190230478156175,0.867561059511524
signed,0.06,2752,603,155,2304,0.8202682563338302,0.9466804265565876,0.8789524113701693,0.9466804265565876,0.20743034055727555,0.869625042999656
signed,0.08,2745,592,162,2315,0.8225951453401259,0.9442724458204335,0.8792440743113389,0.9442724458204335,0.20364637082903336,0.8703130374957
signed,0.1,2740,587,167,2320,0.8235647730688308,0.9425524595803234,0.8790503689444981,0.9425524595803234,0.20192638458892329,0.8703130374957
signed,0.12,2736,571,171,2336,0.8273359540368914,0.9411764705882353,0.8805922111361442,0.9411764705882353,0.19642242862057105,0.8723770209838321
signed,0.14,2732,562,175,2345,0.8293867638129934,0.9398004815961473,0.8811482019029189,0.9398004815961473,0.1933264533883729,0.8732370141038872
signed,0.16,2730,549,177,2358,0.8325709057639524,0.9391124871001032,0.8826382153249273,0.9391124871001032,0.18885448916408668,0.8751289989680082
signed,0.18,2725,538,182,2369,0.8351210542445602,0.9373925008599931,0.8833063209076174,0.9373925008599931,0.18507051943584452,0.8761609907120743
signed,0.2,2721,525,186,2382,0.8382624768946395,0.936016511867905,0.8844466114090687,0.936016511867905,0.18059855521155832,0.8777089783281734
signed,0.22,2716,511,191,2396,0.841648590021692,0.934296525627795,0.8855559178350179,0.934296525627795,0.1757825937392501,0.8792569659442725
signed,0.24,2714,505,193,2402,0.8431189810500155,0.9336085311317509,0.8860594188703884,0.9336085311317509,0.17371861025111798,0.8799449604403164
signed,0.26,2705,486,202,2421,0.8476966468191789,0.9305125558995528,0.8871761233191211,0.9305125558995528,0.16718266253869968,0.8816649466804266
signed,0.28,2698,472,209,2435,0.8511041009463722,0.9281045751633987,0.8879381273654764,0.9281045751633987,0.16236670106639148,0.8828689370485037
signed,0.3,2689,460,218,2447,0.8539218799618926,0.9250085999312005,0.8880449141347424,0.9250085999312005,0.1582387340901273,0.8833849329205367
signed,0.32,2681,453,226,2454,0.8554562858966177,0.9222566219470244,0.8876013904982618,0.9222566219470244,0.15583075335397317,0.8832129342965256
signed,0.34,2677,445,230,2462,0.8574631646380525,0.9208806329549364,0.8880411345165036,0.9208806329549364,0.15307877536979705,0.8839009287925697
signed,0.36,2671,431,236,2476,0.8610573823339781,0.9188166494668043,0.888999833582959,0.9188166494668043,0.14826281389748883,0.8852769177846577
signed,0.38,2664,423,243,2484,0.8629737609329446,0.9164086687306502,0.888888888888889,0.9164086687306502,0.14551083591331268,0.8854489164086687
signed,0.4,2662,417,245,2490,0.8645664176680741,0.9157206742346061,0.8894086201135984,0.9157206742346061,0.1434468524251806,0.8861369109047128
signed,0.42,2655,405,252,2502,0.8676470588235294,0.913312693498452,0.8898944193061841,0.913312693498452,0.1393188854489164,0.8869969040247678
signed,0.44,2647,396,260,2511,0.8698652645415709,0.9105607155142759,0.8897478991596638,0.9105607155142759,0.13622291021671826,0.8871689026487788
signed,0.46,2637,388,270,2519,0.8717355371900827,0.9071207430340558,0.8890761968981795,0.9071207430340558,0.13347093223254214,0.8868249054007568
signed,0.48,2631,381,276,2526,0.8735059760956175,0.9050567595459237,0.889001520527116,0.9050567595459237,0.13106295149638802,0.8869969040247678
signed,0.5,2626,365,281,2542,0.8779672350384486,0.9033367733058135,0.8904713462190573,0.9033367733058135,0.1255589955280358,0.8888888888888888
signed,0.52,2620,357,287,2550,0.8800806180718844,0.9012727898176814,0.8905506458191706,0.9012727898176814,0.12280701754385964,0.8892328861369109
signed,0.54,2611,347,296,2560,0.8826910074374578,0.8981768145854833,0.8903665814151748,0.8981768145854833,0.11936704506363949,0.8894048847609219
signed,0.56,2602,333,305,2574,0.8865417376490631,0.8950808393532852,0.8907908250599111,0.8950808393532852,0.11455108359133127,0.890264877880977
signed,0.58,2587,330,320,2577,0.8868700719917724,0.8899208806329549,0.8883928571428572,0.8899208806329549,0.11351909184726522,0.8882008943928449
signed,0.6,2582,320,325,2587,0.8897312198483804,0.8882008943928449,0.8889653985195387,0.8882008943928449,0.11007911936704506,0.8890608875128999
signed,0.62,2570,314,337,2593,0.891123439667129,0.8840729274165807,0.8875841823519255,0.8840729274165807,0.10801513587891297,0.8880288957688338
signed,0.64,2559,304,348,2603,0.893817673768774,0.8802889576883385,0.8870017331022529,0.8802889576883385,0.10457516339869281,0.8878568971448229
signed,0.66,2543,295,364,2612,0.8960535588442565,0.8747850017199862,0.8852915578764143,0.8747850017199862,0.10147918816649466,0.8866529067767458
signed,0.68,2526,280,381,2627,0.9002138275124733,0.868937048503612,0.8842989672676352,0.868937048503612,0.09631922944616443,0.8863089095287238
signed,0.7,2517,267,390,2640,0.9040948275862069,0.8658410732714138,0.8845545598313125,0.8658410732714138,0.09184726522187822,0.8869969040247678
signed,0.72,2498,253,409,2654,0.9080334423845874,0.8593051255589955,0.8829975256274302,0.8593051255589955,0.08703130374957001,0.8861369109047128
signed,0.74,2478,243,429,2664,0.9106945975744212,0.8524251805985552,0.8805970149253731,0.8524251805985552,0.08359133126934984,0.8844169246646026
signed,0.76,2463,236,444,2671,0.9125602074842534,0.847265221878225,0.8787013913663931,0.847265221878225,0.08118335053319574,0.8830409356725146
signed,0.78,2441,228,466,2679,0.9145747470962907,0.8396972824217406,0.8755380200860832,0.8396972824217406,0.0784313725490196,0.8806329549363605
signed,0.8,2411,207,496,2700,0.9209320091673033,0.8293773649810802,0.8727601809954753,0.8293773649810802,0.07120743034055728,0.8790849673202614
signed,0.82,2381,187,526,2720,0.9271806853582555,0.8190574475404196,0.869771689497717,0.8190574475404196,0.06432748538011696,0.8773649810801514
signed,0.84,2354,173,553,2734,0.9315393747526711,0.8097695218438252,0.8663967611336033,0.8097695218438252,0.059511523907808735,0.8751289989680082
signed,0.86,2309,155,598,2752,0.9370941558441559,0.7942896456828346,0.859802643827965,0.7942896456828346,0.053319573443412455,0.8704850361197111
signed,0.88,2249,139,658,2768,0.9417922948073701,0.7736498108015136,0.849480642115203,0.7736498108015136,0.0478156174750602,0.8629170966632267
signed,0.9,2183,115,724,2792,0.9499564838990426,0.7509459924320605,0.8388088376560999,0.7509459924320605,0.03955968352253182,0.8556931544547643
signed,0.92,2087,94,820,2813,0.9569005043558001,0.717922256621947,0.8203616352201258,0.717922256621947,0.03233574131406949,0.8427932576539388
signed,0.94,1957,78,950,2829,0.9616707616707617,0.673202614379085,0.7919870497774182,0.673202614379085,0.026831785345717233,0.8231854145166838
signed,0.96,1727,51,1180,2856,0.9713160854893138,0.5940832473340213,0.7372465314834578,0.5940832473340213,0.017543859649122806,0.7882696938424493
signed,0.98,1246,17,1661,2890,0.9865399841646872,0.4286205710354317,0.5976019184652278,0.4286205710354317,0.005847953216374269,0.7113863089095287
signed,1.0,0,0,2907,2907,0.0,0.0,0.0,0.0,0.0,0.5
