diff_id,language,gold,gen_codellama-7b,gen_qwen2.5-coder-7b,gen_deepseek-6.7b,bertscore_codellama-7b,bertscore_deepseek-6.7b,bertscore_qwen2.5-coder-7b,bleu_codellama-7b,bleu_deepseek-6.7b,bleu_qwen2.5-coder-7b,chrf_codellama-7b,chrf_deepseek-6.7b,chrf_qwen2.5-coder-7b,meteor_codellama-7b,meteor_deepseek-6.7b,meteor_qwen2.5-coder-7b,nli_entail_diff→gen_codellama-7b,nli_entail_diff→gen_deepseek-6.7b,nli_entail_diff→gen_qwen2.5-coder-7b,nli_entail_diff→gold,nli_entail_gold→gen_codellama-7b,nli_entail_gold→gen_deepseek-6.7b,nli_entail_gold→gen_qwen2.5-coder-7b,nli_signed_diff→gen_codellama-7b,nli_signed_diff→gen_deepseek-6.7b,nli_signed_diff→gen_qwen2.5-coder-7b,nli_signed_diff→gold,nli_signed_gold→gen_codellama-7b,nli_signed_gold→gen_deepseek-6.7b,nli_signed_gold→gen_qwen2.5-coder-7b,rougeL_codellama-7b,rougeL_deepseek-6.7b,rougeL_qwen2.5-coder-7b
84,cpp,[ Type checker ] Request member layout for a member of a finalized type .,Finalize type check for NominalTypeDecl,Add requestMemberLayout for nominal type decl finalization.,"""Adds lazy variable storage synthesis for TypeCheckDecl""",0.8539841175079346,0.8423052430152893,0.8688346147537231,0.017192072348325798,0.02447822402834545,0.030297048914466936,0.2695146711032309,0.17073339602162588,0.34984205687530595,0.22544642857142855,0.035211267605633804,0.07042253521126761,0.9683540463447571,0.9617197513580322,0.9673532843589783,0.9861976504325867,0.0028759806882590055,0.020267445594072342,0.40504759550094604,0.9632346676662564,0.9540348639711738,0.9637387047987431,0.9832571698352695,0.0012278384529054165,-0.8772880248725414,0.12481421232223511,0.23529411764705882,0.10526315789473685,0.2105263157894737
148,cpp,Merge and generalize case 3 and case 6,Update prevector tester to use ConsumeIntegralInRange instead of ConsumeIntegral.,Fix fuzz test range and order of cases in `test_one_input`,"""Refactored switch cases in test_one_input""",0.8144544363021851,0.8184856176376343,0.8287677764892578,0.0,0.0,0.024455939372403628,0.1491650461128306,0.12453378720151254,0.20737636425913814,0.0,0.06493506493506494,0.12195121951219512,0.12971001863479614,0.47422710061073303,0.43164297938346863,0.29115065932273865,0.005661818198859692,0.08085310459136963,0.11012527346611023,0.10821937024593353,0.4498164653778076,0.39670269936323166,0.2777671702206135,-0.06278618890792131,0.04967690818011761,-0.20225203037261963,0.0,0.0,0.1
170,cpp,Moved API Breaking Changes section of the documentation above the programmer ' s FAQ .,API BREAKING CHANGES:,Move API breaking changes section and update content,"""Update imgui.cpp with API breaking changes""",0.8281378149986267,0.8615819215774536,0.8709993362426758,0.010211566521809648,0.030266181377145766,0.0273764741025778,0.03303363664838919,0.1872114962328104,0.33653020456195454,0.1358695652173913,0.13297872340425532,0.34825174825174826,0.8562726974487305,0.3030501902103424,0.6500908136367798,0.6365522742271423,0.8496037721633911,0.010390483774244785,0.035594403743743896,0.8125479333102703,0.22549042850732803,0.5679734498262405,0.6060687638819218,0.7938754595816135,0.009269281174056232,0.035132171848090366,0.375,0.3,0.380952380952381
227,cpp,Allow cold change of active extruder ( ),Fix tool change function to check for hotend temperature.,Add line to update active extruder on hotend being too cold to extrude during tool change.,"""Fix tool change function in Marlin""",0.8745535016059875,0.8508985042572021,0.8809306025505066,0.04196114906296548,0.05522397783539471,0.05439330544349823,0.21757933628810966,0.21153681227220617,0.4439941337815165,0.0617283950617284,0.06410256410256411,0.29040404040404044,0.23465776443481445,0.13542675971984863,0.9544717669487,0.8696173429489136,0.04990927129983902,0.04439758509397507,0.04008210822939873,0.1671983152627945,0.1041392870247364,0.9538052448187955,0.8166554979979992,-0.0559903159737587,-0.32210562378168106,0.011263193562626839,0.13333333333333333,0.16666666666666666,0.18181818181818182
624,cpp,[ renderer ] Don ' t adjust 3d rectangles in bypass mode,Fix stereo rendering in BaseRenderer.cpp.,Refactor stereo view handling and fix rectangle calculations in CBaseRenderer::ManageDisplay(),"""Refactored BaseRenderer stereo view handling""",0.8566769361495972,0.8433836102485657,0.8306211233139038,0.033495035708457806,0.0,0.02627961710408444,0.22183192276734615,0.2192161280529313,0.30433800230473546,0.08849557522123892,0.0,0.0847457627118644,0.08226984739303589,0.15898743271827698,0.15322667360305786,0.06293050199747086,0.005375064443796873,0.009725603275001049,0.0036803698167204857,0.08072412910405546,0.1535973991267383,0.151629829662852,-0.37823089212179184,-0.3817438711412251,-0.9160156520083547,-0.21713476721197367,0.13333333333333333,0.0,0.09999999999999999
634,cpp,lua : Add support to use app . activeFrame with a Frame object,Update active frame number in App_set_activeFrame(),Update active frame setting to use utility function and conditional cast.,"""Update App_set_activeLayer and App_set_activeFrame""",0.8518974781036377,0.8479589223861694,0.8671292662620544,0.031157290929555895,0.028398387225677894,0.06896242107716467,0.29031688874583966,0.27268330151562037,0.22934437780820108,0.04065040650406504,0.0,0.19965277777777776,0.7900834083557129,0.3672597110271454,0.44044533371925354,0.46404585242271423,0.020209606736898422,0.0423419214785099,0.03811654448509216,0.7873799831140786,0.29755446314811707,0.42732729110866785,0.3253907412290573,0.017500000074505806,0.03817661525681615,0.030237827450037003,0.2105263157894737,0.2105263157894737,0.18181818181818182
679,cpp,Updated expiration in seconds for benchmark transfer command .,Add expiration option to benchmark transfer subcommand.,Add expiration option and update expiration calculation in benchmark_transfer subcommand,"""Update main.cpp for benchmarking transfers""",0.9087406396865845,0.859483540058136,0.8869680166244507,0.1159119922599073,0.05669791110976001,0.04789232204309912,0.5899287958768614,0.4158477772031904,0.5463838459150603,0.29040404040404044,0.2180232558139535,0.2808302808302808,0.9854863882064819,0.37462809681892395,0.8183462619781494,0.7805849313735962,0.9236699342727661,0.07996543496847153,0.08768094331026077,0.9839944783598185,0.2808024287223816,0.8037542048841715,0.7552451994270086,0.919834399363026,0.07529990654438734,0.08516451367177069,0.39999999999999997,0.14285714285714288,0.4210526315789474
932,cpp,Add option to disable 077 umask ( create new files with system default umask ),Update help message for script verification threads and pid file.,Add option to set file permissions and adjust usage message formatting.,"""Update script verification threads, pid file, and reindex options""",0.8579039573669434,0.8494632840156555,0.8807252645492554,0.0,0.0,0.09817537821558966,0.18624123744217005,0.19605530845614422,0.27377233572007303,0.0,0.0,0.2568493150684931,0.9699464440345764,0.9629430174827576,0.8321146965026855,0.4693654179573059,0.021448668092489243,0.06508206576108932,0.004042136017233133,0.9687564275227487,0.9618695077951998,0.8256726809777319,0.46790702280122787,0.002843579277396202,-0.05558416247367859,0.00048818415962159634,0.0,0.0,0.24999999999999994
997,cpp,Make remote FS work with GDNative on Android,Fix manifest and add missing icon files to APK.,Add APK file ignoring and update manifest export logic for Android export.,"""Adds APK export functionality""",0.8438423871994019,0.8287789225578308,0.8464875221252441,0.0,0.0,0.030890553181566974,0.08937141565008559,0.09051606903504357,0.19898930356206446,0.0617283950617284,0.0,0.05952380952380953,0.3231285512447357,0.2284906804561615,0.8387833833694458,0.022134659811854362,0.0030656380113214254,0.275960236787796,0.015216972678899765,0.09294803440570831,0.14074058830738068,0.7829190567135811,0.011767661198973656,-0.0010602411348372698,-0.07416930794715881,0.006508873775601387,0.0,0.0,0.1
1118,cpp,! B ( CE - 10899 ) ( AISystem ) Sequence nodes : changed the way how nodes react on invalid sequence IDs to prevent consequential errors from preceding errors ( Approved by samuelk ),Refactor: Improve performance by using const SequenceId assignedSequenceId = GetAssignedSequenceId() instead of GetAssignedSequenceId() and checking if it's not null,Refactor conditional checks and simplify sequence ID handling in AI sequence nodes.,"""Implemented AI sequence bookmarking and action handling""",0.814702570438385,0.8158392906188965,0.8487058877944946,0.015570261919657515,0.0026526567499345092,0.006762749361921284,0.2497935261210486,0.12536694842990212,0.2310509444697955,0.01497005988023952,0.015527950310559004,0.045871559633027525,0.005812324117869139,0.39494484663009644,0.09075949341058731,0.003326436271890998,0.005064504686743021,0.5440788269042969,0.48052969574928284,-0.002273173537105322,0.36781763471663,0.08523682411760092,-0.028430385747924447,-0.018640305381268263,0.31887730956077576,0.47942238219548017,0.044444444444444446,0.060606060606060615,0.10526315789473684
281,cs,transmitthenet : Add daily show support for NEB . Resolves,Refactor: Improve search query URL construction.,Add comments and simplify URL construction in TransmitheNet indexer query method,"""Refactored TransmitheNet indexer query""",0.8229116797447205,0.81781005859375,0.8209512233734131,0.0511459870708889,0.0,0.03747776736677921,0.13309583031344122,0.19423608639503137,0.22316142927599755,0.0,0.0,0.049504950495049514,0.3690696060657501,0.32072684168815613,0.1582385003566742,0.05947701632976532,0.027744511142373085,0.047996990382671356,0.044875260442495346,0.35787160601466894,0.1381903886795044,0.14953803457319736,-0.3253597170114517,-0.8269748296588659,-0.7548392489552498,-0.24801388755440712,0.0,0.0,0.10526315789473685
354,cs,"Adding docker files , modifying scripts and code to handle ubuntu 16 . 04",Add support for Ubuntu 16.04 runtime fallbacks.,"Add ""ubuntu.16.04-x64"" as a runtime fallback in DependencyContextTests.cs","""Adds new RuntimeFallbacks for Ubuntu 16.04""",0.8829120993614197,0.857521116733551,0.849412739276886,0.0260859600387516,0.0,0.02908317710573758,0.2250715451659756,0.21776901665827197,0.21820755793146304,0.03759398496240601,0.03787878787878788,0.0,0.9735007286071777,0.9406489133834839,0.947134792804718,0.27470722794532776,0.03637856990098953,0.04433365538716316,0.0015183291397988796,0.9705535641405731,0.9231034778058529,0.9448021603748202,0.24812201038002968,0.02669286634773016,-0.1889091692864895,0.0009350179461762309,0.3,0.3157894736842105,0.25
427,cs,Added more conditions to sure it act as expected .,Update multi-threaded toplevels and first dialog toplevel.,Add assertions for multi-threading test scenarios,"""Adds multithreading conditions and checks""",0.8453593850135803,0.8244307041168213,0.8666642904281616,0.043008477182523305,0.042781792646066956,0.0,0.1669053544355525,0.29858954521147646,0.21157330156777732,0.0,0.052631578947368425,0.0,0.7248821258544922,0.8521977663040161,0.859999418258667,0.04435473307967186,0.0011534389341250062,0.003624914214015007,0.0008234847919084132,0.6855705268681049,0.8443426918238401,0.8556667375378311,0.042115735122933984,0.00023867253912612796,0.003195378987584263,0.0004903375811409205,0.0,0.14285714285714285,0.0
461,cs,Add support for netcoreapp5 . 0 to micro benchmarks ( dotnet / extensions ),Update DefaultCoreConfig to support target frameworks.,Update default core config for different .NET versions and handle unknown targets.,"""Update DefaultCoreConfig for different target frameworks""",0.8454991579055786,0.826198160648346,0.838741660118103,0.031795892263857456,0.0260859600387516,0.03377156414337854,0.19682535419658745,0.13932089762106667,0.18751483497882737,0.07575757575757576,0.03787878787878788,0.036231884057971016,0.6700264811515808,0.951787531375885,0.718603789806366,0.150076225399971,0.1325932890176773,0.3295172452926636,0.11712542921304703,0.6683854483999312,0.9465759671293199,0.7135114246048033,0.12109242007136345,0.12986944359727204,0.24929279088974,0.10301057994365692,0.125,0.125,0.0909090909090909
742,cs,Fixed touch capability on Windows 8 when multiple input devices are present,Update TouchPanelCapabilities to check for touch device presence and maximum touch count.,Update TouchPanelCapabilities to check touch devices in Windows StoreApp and Windows platforms.,"""Update TouchPanelCapabilities for Windows and Windows Store""",0.8720946311950684,0.8782765865325928,0.8823130130767822,0.030890553181566974,0.03416211359799978,0.04065425428798724,0.33932132170744184,0.26853309329438596,0.36073105397900085,0.08333333333333333,0.043478260869565216,0.125,0.9110937714576721,0.15036630630493164,0.4463101625442505,0.062317196279764175,0.007826652377843857,0.11593456566333771,0.042119916528463364,0.9077595446724445,0.09448130428791046,0.4274080377072096,-0.004332643002271652,0.0008981651626527309,-0.24991099536418915,-0.11829160526394844,0.08333333333333333,0.10526315789473685,0.16666666666666666
884,cs,Add GetErrorHtml and expand GetErrorStatus to check ModelError for ResponseStatus,Improve error handling in ViewPageBase by adding a new method to get the error status and using it in the IsError property.,Fix ViewPageBase to handle error responses more robustly and improve error message rendering.,"""Implemented error handling and authentication in ViewPageBase""",0.8724587559700012,0.8406100273132324,0.8716490268707275,0.019582248325011244,0.04266331692956901,0.03377156414337854,0.2222540909622456,0.12401299929480981,0.2196552854943244,0.0892857142857143,0.05154639175257732,0.09708737864077671,0.17260321974754333,0.6166797280311584,0.05437532439827919,0.41176995635032654,0.0387578159570694,0.1258137822151184,0.10891523957252502,0.17109471978619695,0.5926900953054428,0.03770442306995392,0.3065095618367195,0.038330808602040634,0.10549536906182766,0.0604083277285099,0.06250000000000001,0.11764705882352941,0.08695652173913043
1012,cs,Re - add members to be removed to avoid API break,Update VSTypeScriptContainedDocumentWrapper to use new interfaces.,Add necessary using directives and mark properties as obsolete for VSTypeScriptContainedDocumentWrapper.cs,"""Add missing obsolete annotations and imports""",0.8523415327072144,0.8525208234786987,0.8438212275505066,0.03708659055657029,0.0,0.0,0.10798003100926873,0.1106499344871737,0.13287892907189214,0.04761904761904762,0.0,0.045454545454545456,0.1556267887353897,0.27914902567863464,0.6404086351394653,0.14174744486808777,0.032576121389865875,0.20895054936408997,0.018496546894311905,0.10346465185284615,-0.16651374101638794,0.5580231919884682,-0.056167662143707275,-0.018743176013231277,0.18148629739880562,-0.0065017640590667725,0.125,0.125,0.0909090909090909
1072,cs,Retain handles on KVO callback so the GC doesn ' t take it back,Improve KVOObservableForProperty by using GCHandle.Alloc and GCHandle.Free.,Add GCHandle allocation and disposal for KVO observer pinning.,"""Implemented KVOObservableForProperty using ReactiveUI""",0.8287594318389893,0.826566219329834,0.8468964695930481,0.0,0.0,0.02812739937159535,0.15657547409037917,0.11627903658556131,0.17603968199535308,0.0,0.0,0.037037037037037035,0.22115010023117065,0.8361055254936218,0.9206740260124207,0.03740015998482704,0.06393659114837646,0.08341769874095917,0.0009782577399164438,0.2133823768235743,0.7067161947488785,0.8763984553515911,0.010150598362088203,-0.28828495740890503,-0.2351367324590683,-0.969015154754743,0.0,0.0,0.09090909090909093
1332,cs,Adding a [ HttpGet ] attribute to enable the Delete album from the store functionality .,Add HTTP GET method for Delete action in StoreManagerController.,Add HTTP GET method for deleting an album in StoreManagerController.cs,"""Adds Delete method to StoreManagerController""",0.8812918066978455,0.8620503544807434,0.8772025108337402,0.027385973411104617,0.021590567826234353,0.02885649425321952,0.2188461656847904,0.16945625540719417,0.21004893827681959,0.032679738562091505,0.06711409395973154,0.06493506493506494,0.8453576564788818,0.3881314992904663,0.4382518231868744,0.670478105545044,0.1487092226743698,0.14797458052635193,0.09555237740278244,0.8409122312441468,0.31944090873003006,0.43176414677873254,0.6665741913020611,0.14739282755181193,0.1355275074020028,0.09476246283156797,0.09090909090909093,0.1111111111111111,0.08333333333333334
1971,cs,Encryption core is approximately 30 % faster than previous version .,Update permutation table initialization and permutation functions to use 32-bit integers instead of bytes.,Update DES core to use int arrays and optimize permutation function.,"""Update DESCore class to use int arrays""",0.8389444947242737,0.8250147104263306,0.8454322218894958,0.022869567780619007,0.0,0.0402724819242185,0.1914052616015535,0.12308859319085574,0.22079293714956147,0.0,0.0,0.045454545454545456,0.37938714027404785,0.08153225481510162,0.30737680196762085,0.0005064453580416739,0.0008497511153109372,0.004323123954236507,0.0006443894235417247,0.3429857864975929,0.014477990567684174,0.2954352470114827,-0.0007155228522606194,-0.0027356764185242355,-0.5320645580068231,-0.00016289076302200556,0.0,0.0,0.09999999999999999
7,go,Printing correction count for each provider as we go.,Update DNS provider output to show ellipsis and pluralize corrections.,Add ellipsis and plural correction handling in DNS provider output.,"""Update main.go for DNS Provider output formatting""",0.8574894666671753,0.8441413044929504,0.8512809872627258,0.04456882760699064,0.049323515694897097,0.049323515694897097,0.3549039330974715,0.2547267505293597,0.3668547349049055,0.05494505494505494,0.11363636363636365,0.10989010989010987,0.7790196537971497,0.06327687948942184,0.6725924015045166,0.43142881989479065,0.0218929685652256,0.03418955206871033,0.007309689652174711,0.7745077544823289,-0.020187683403491974,0.6686202161945403,0.40305121429264545,0.014680419117212296,0.029251303058117628,-0.05412858026102185,0.10526315789473685,0.23529411764705882,0.2105263157894737
10,go,"Redundant use of multiple fmt.Println commands
Changed multiple fmt.Println("""") commands to one using backticks",Update usage message for dnscontrol command.,Improve usage message formatting and conciseness in main.go,"""Updated usage instructions and added flag defaults""",0.8441365957260132,0.8321306705474854,0.8323889970779419,0.007704671955464464,0.013373737883952701,0.012638455222950325,0.13094152394022854,0.11656576329174242,0.13196093444667428,0.0,0.0,0.0,0.751521110534668,0.15218104422092438,0.13393902778625488,0.25453636050224304,0.06376444548368454,0.3378230333328247,0.024602744728326797,0.7270544283092022,0.12648573517799377,0.13214043946936727,-0.19231069087982178,-0.014317184686660767,-0.008184850215911865,0.01928561320528388,0.0,0.0,0.0
65,go,Documentation: Clarify the when to implement certain interfaces,"Implemented Registrar, DNSServiceProvider, and DomainCreator interfaces.",Clarify interface comments and add implementation conditions.,"""Implemented interfaces for Registrar, DNSServiceProvider and DomainCreator""",0.8474062085151672,0.8456834554672241,0.8808678388595581,0.04767707020457095,0.04196114906296548,0.04873498938813618,0.32964912956503467,0.32614174099140003,0.4764991366857483,0.06410256410256411,0.06329113924050632,0.189873417721519,0.9814963936805725,0.9570965766906738,0.6741476058959961,0.5058879852294922,0.0020634306129068136,0.00379836093634367,0.26792052388191223,0.977142205927521,0.9487423487007618,0.667695595882833,0.5016799038276076,-3.818678669631481e-05,-0.0010419520549476147,0.2660888643004,0.14285714285714288,0.13333333333333333,0.13333333333333333
112,go,Fix for incomplete results from Azure DNS in fetchRecordSets,Update Azure DNS provider to use ListAllByDNSZone method.,Fix DNS record set iteration and timeout context propagation.,"""Improve azureDNSProvider.go: Refactor record fetching""",0.8682906031608582,0.8598392605781555,0.8656482100486755,0.09535414040914189,0.0,0.04990049701936832,0.21455429127959602,0.27020284957781937,0.1875381627374734,0.21067415730337075,0.0,0.1111111111111111,0.22602877020835876,0.062044255435466766,0.21219249069690704,0.03671988099813461,0.005841416772454977,0.475190669298172,0.16464270651340485,0.18330712243914604,0.045152122154831886,-0.07670645415782928,0.03204978909343481,0.0002579963766038418,0.43503427505493164,0.09782776981592178,0.23529411764705882,0.0,0.2222222222222222
115,go,fix: only run SRV null target test when supported,Update SRV w/ null target testgroup to use requires(providers.CanUseSRV),Add requirement for SRV tests to use providers that support SRV records.,"""Update SRV tests to include null target""",0.868973970413208,0.9079089760780334,0.8852885365486145,0.058166354211475146,0.09442944296079733,0.030890553181566974,0.35390197599788,0.3225962556954796,0.22795005446540184,0.2839506172839506,0.17045454545454547,0.16129032258064518,0.7063632011413574,0.15447621047496796,0.8200281262397766,0.0011940598487854004,0.12003807723522186,0.7610421180725098,0.054517392069101334,0.7015839801169932,0.15189727558754385,0.8190224583959207,-0.01166458334773779,0.08357496932148933,0.751492696814239,0.045092678628861904,0.3,0.375,0.09523809523809525
131,go,"HETZNER: fix retry of POST/PUT requests -- rebuild request body
Previously for any retry the request body was already consumed and
the server received an empty body.",Add for loop to request function,Add loop around HTTP request handling in hetznerProvider.request function,"""Add request rate limiting to Hetzner API provider""",0.8181138038635254,0.8401138782501221,0.8457448482513428,0.001496499372132158,0.005138412439641712,0.008006223213233176,0.07505247603710631,0.09669260914468598,0.15427582214654947,0.040160642570281124,0.039840637450199196,0.01984126984126984,0.8737043738365173,0.10277219861745834,0.8483880162239075,0.19522814452648163,0.0027803468983620405,0.002333677839487791,0.03364722058176994,0.7970527783036232,-0.007441803812980652,0.8007626309990883,-0.07921336591243744,-0.02949618292041123,-0.959967874456197,-0.03784157708287239,0.12121212121212122,0.05714285714285714,0.10810810810810811
151,go,"Show actual URL to use instead of just ""sandbox""
* Show actual URL to use instead of just ""sandbox""
Instead of stating ""sandbox"", sometimes incorrectly if sandbox is false, just output the actual URL that will be used.
* Replace Println with Printf",Update DNSMADEEASY provider initialization with new base URL.,Update provider creation log message to include base URL.,"""Update DNSMADEEASY provider print statement""",0.8220030069351196,0.8018473386764526,0.8289836645126343,0.0005279920079792398,0.00012611001749975511,0.0008281154019630193,0.06379433857123169,0.04638962882818319,0.06504829539762895,0.012658227848101266,0.0,0.012626262626262626,0.5343152284622192,0.5819074511528015,0.2604527175426483,0.46740710735321045,0.059786468744277954,0.12076224386692047,0.02192297950387001,0.5319342787843198,0.5234164856374264,0.25113706570118666,0.45713681541383266,0.052159673534333706,0.053559042513370514,0.020754322409629822,0.04081632653061225,0.0,0.08
170,go,"Emit warning in case of label having multiple TTLs
An RRSet (=label) consisting of multiple records with different TTLs is
something not supported by most providers, and should be avoided.
Furthermore it is deprecated in rfc2181#section-5.2
Emit a warning for now during validation, eventually turning it into a full-blown error.
Fixes",Update TTL collection logic in validate.go.,Update comment to clarify TTL collection logic in `checkLabelHasMultipleTTLs` function.,"""Refactored label TTL collection in validate.go""",0.8416945934295654,0.8290928602218628,0.8372557163238525,0.00021706400376983435,0.00037209623573356015,0.0009884201630761863,0.06328714685681014,0.07293719029160814,0.11551781919233597,0.02150537634408602,0.03225806451612903,0.021321961620469083,0.5224971771240234,0.04315515235066414,0.1112719252705574,0.06535064429044724,0.003675672924146056,0.02993241883814335,0.022002551704645157,0.5165433729998767,0.032740808092057705,0.10506124282255769,-0.051736027002334595,-0.0034797226544469595,-0.3942618574947119,-0.09800896421074867,0.032258064516129024,0.06451612903225805,0.030769230769230767
221,go,VULTR: Adopt diff2 in compatibility mode and fix handling of some integrations tests,"Add support for IDNA conversion for CNAME, NS, and PTR records.",Add IDNA conversion for certain record types and update diff handling.,"""Add idna import and convert hostnames to punycode""",0.8378767371177673,0.8198955655097961,0.86994469165802,0.028398387225677894,0.02812739937159535,0.03408991996483855,0.09571024240687191,0.1388238348206998,0.21395728423356386,0.03906250000000001,0.04,0.03906250000000001,0.12278302013874054,0.2674391567707062,0.4493477940559387,0.09834593534469604,0.002845066599547863,0.0062943012453615665,0.1322423815727234,0.09021634981036186,-0.21284309029579163,0.38260141015052795,-0.01964762806892395,-0.04879208002239466,-0.9567370503209531,0.11675881873816252,0.08333333333333334,0.09523809523809525,0.16666666666666669
234,go,HOSTINGDE: Fix dnssec error resulting from non-go-conformant comparison of three values,Update DNSSEC options for domains with AutoDNSSec.,Fix logical operator precedence in DNSSEC check for hostingdeProvider.GetDomainCorrections(),"""Fixes AutoDNSSec logic in hostingdeProvider""",0.8331693410873413,0.8395763039588928,0.8466309309005737,0.0,0.0,0.030890553181566974,0.09984244457012553,0.1104693474576551,0.18818288640576988,0.04716981132075472,0.0,0.09259259259259259,0.904790461063385,0.29708099365234375,0.042741890996694565,0.021619468927383423,0.05082883685827255,0.2321474552154541,0.030621379613876343,0.90176184871234,0.27957444451749325,-0.21102506294846535,-0.003311639651656151,-0.01090967282652855,0.2163262777030468,0.002453343942761421,0.1,0.0,0.17391304347826086
44,java,Add a few todos for implementing monitor lookup ownership on native method frames,Implemented monitor enter and exit for non-bytecode methods.,Add TODO comments for monitoring frames in non-bytecode methods,"""Implemented monitor enter and exit logic""",0.8736205697059631,0.8592262864112854,0.9038930535316467,0.036353588668522965,0.029559265264674433,0.040231859295676846,0.2982865553109696,0.21829550198944536,0.31890809015997607,0.20444444444444443,0.04065040650406504,0.23809523809523814,0.9931908249855042,0.8162968158721924,0.6102563738822937,0.04360015690326691,0.016109034419059753,0.00569423520937562,0.031776491552591324,0.9910470240283757,0.7698446102440357,0.5980340866371989,-0.15787458419799805,-0.6595953851938248,-0.9273729673586786,-0.42095520719885826,0.09090909090909093,0.10526315789473684,0.2608695652173913
159,java,sulong : resolveRenamedSymbols should print ExternalLibrary on failure,Fix symbol resolution for external libraries in LLVM linker.,Add mapping of libraries and fix error messages to use library names from EconomicMap<libs>,"""Fix symbol resolution in LLVM parser""",0.843980073928833,0.8276891708374023,0.8264532685279846,0.0,0.0,0.0,0.2769535694012259,0.15445959587571967,0.19907908752584128,0.0,0.0,0.0,0.6775444149971008,0.5210844278335571,0.3280578851699829,0.1166037917137146,0.005598051939159632,0.01217041164636612,0.0417768731713295,0.6768149500130676,0.514196238014847,0.31644261069595814,0.08025692775845528,0.0009781192056834698,0.002201272174715996,0.03265426680445671,0.0,0.0,0.0
253,java,[ hotfix ] Remove unused method in TaskExecutorProcessUtils,Update TaskExecutorProcessUtils to generate default and total available resource profiles.,Remove unused method and related comments from TaskExecutorProcessUtils.java,"""Adds memory configuration calculations to TaskExecutorProcessUtils.java""",0.8883799314498901,0.9099522829055786,0.913739800453186,0.03747776736677921,0.04196114906296548,0.16784459625186193,0.45469354195160006,0.4801536107911495,0.7101191121966179,0.06097560975609756,0.0,0.3680555555555556,0.5307326912879944,0.6181739568710327,0.22491736710071564,0.08882591873407364,0.024593524634838104,0.0007518152124248445,0.0012234378373250365,0.5143813956528902,0.5915564801543951,-0.29929135739803314,-0.22302337735891342,-0.1163475289940834,-0.9409555574529804,0.0011711810693668667,0.125,0.15384615384615383,0.5333333333333333
269,java,Re - use local variable in replacement of unnecessary indirections,Update MediaCodecVideoRenderer to support nullable DrmInitData.,Fix nullable annotation and simplify DRM checks in MediaCodecVideoRenderer.,"""Update nullability of drmInitData in MediaCodecVideoRenderer.java""",0.8357923626899719,0.8313642144203186,0.8469026684761047,0.0,0.04990049701936832,0.04196114906296548,0.16125098432645635,0.15577738393493695,0.20496578788898276,0.0,0.10416666666666666,0.05050505050505051,0.3216777741909027,0.5746808648109436,0.22170458734035492,0.5629062652587891,0.0163359846919775,0.004863763228058815,0.0029462764505296946,0.3183537086006254,0.5521763935685158,0.2134899040684104,0.49630724638700485,-0.027897393330931664,-0.004903238266706467,-0.002210055710747838,0.0,0.125,0.1111111111111111
407,java,1 . Update javadoc on subscribe ( ) blocking if observables are running on the same thread .,"""Fix concat operator to prevent unsubscribing from observables running on same thread""",Update Concat tests to reflect thread concurrency implications and add concurrent infinity test.,"""Refactored concat operation for unsubscription""",0.8640456199645996,0.8299171328544617,0.8359794020652771,0.06382370854949027,0.0,0.028085997490043625,0.4673122343009474,0.1772946984804293,0.2261003110941081,0.18139367816091956,0.0,0.08571428571428572,0.021733958274126053,0.1552623063325882,0.11462080478668213,0.3731980323791504,0.5347746014595032,0.053772877901792526,0.017139935865998268,0.012916427105665207,-0.3240019232034683,0.10099911969155073,0.36663749953731894,0.4516269266605377,-0.871364165097475,-0.12901434861123562,0.3846153846153846,0.0,0.14814814814814817
441,java,[ hotfix ] Remove Exception from ZooKeeperUtils # createLeaderRetrievalService,Refactor: Simplify ZooKeeperUtils.getZooKeeperEnsemble() method.,Fix method signature and remove exception handling in ZooKeeperUtils.java,"""Update ZooKeeperUtils.java: Add missing parameter""",0.8790163397789001,0.8829534649848938,0.887891411781311,0.04196114906296548,0.04196114906296548,0.03747776736677921,0.2700066773142412,0.24367213055881326,0.3593996236850917,0.0,0.0,0.20833333333333331,0.18467473983764648,0.04138766601681709,0.025824425742030144,0.02290719375014305,0.08662518858909607,0.20112350583076477,0.12110570073127747,0.16235128231346607,-0.5406248681247234,-0.792346240952611,-0.6642358936369419,-0.25836196541786194,-0.16099435091018677,0.12058627506485209,0.1818181818181818,0.16666666666666666,0.37499999999999994
451,java,Profiler : clean up handling of null values .,Update profiler task data and write task.,Add null checks for task data before processing it.,"""Improved null check in Profiler.java""",0.8623454570770264,0.878333330154419,0.8732572197914124,0.04873498938813618,0.06274655310994741,0.04990049701936832,0.1940495680828733,0.2761662916364853,0.1633473243436333,0.05681818181818182,0.05813953488372093,0.05555555555555555,0.8621094822883606,0.018760178238153458,0.8884169459342957,0.3945157825946808,0.07240960001945496,0.3261171281337738,0.0033302358351647854,0.8295775763690472,0.01287400908768177,0.8825343428179622,0.3556424155831337,0.013754114508628845,0.32330673607066274,0.0022915612207725644,0.14285714285714285,0.15384615384615383,0.125
492,java,"Index Update Settings API does not update settings in real time , closes .",Refactor: Improve index metadata changed detection.,Fix ClusterChangedEvent to correctly detect index metadata changes.,"""Update indexMetaDataChanged method""",0.8429774045944214,0.8395405411720276,0.8624913692474365,0.0260859600387516,0.01765751677720686,0.027354882120611313,0.14762160350253622,0.1587653269675163,0.18783710227920555,0.03787878787878788,0.0,0.07462686567164178,0.20467637479305267,0.011328297667205334,0.07317237555980682,0.00039480533450841904,0.00496261939406395,0.016489170491695404,0.0014193588867783546,0.19038401637226343,-0.941948396153748,0.029511135071516037,-0.9924606839194894,-0.02031189203262329,-0.8816238418221474,-0.007299152202904224,0.1111111111111111,0.13333333333333333,0.1
550,java,Update depot version of ResourceUsageAnalyzer . java from the public Gradle source . This version includes :,Update resource usage analyzer to support new resource types.,Update imports and constants for ResourceUsageAnalyzer class.,"""Add import statements for new classes and static fields""",0.8592424988746643,0.8170567750930786,0.8811720013618469,0.024779853471705346,0.0,0.023595365419339504,0.26809927846240617,0.10013911914404013,0.32838868125608994,0.0308641975308642,0.0,0.0625,0.09059575200080872,0.6531088948249817,0.9329370260238647,0.0900765135884285,0.0014635850675404072,0.005888498388230801,0.001782121486030519,0.04163055494427681,0.6242596507072449,0.9254187196493149,0.01368267834186554,0.000984135695034638,-0.0006459997966885567,0.0010055823368020356,0.08695652173913043,0.0,0.19047619047619047
731,java,Refactory of method name to match convention used elsewhere,Update HystrixCommandProperties: add metricsRollingPercentileWindowInMilliseconds property.,Rename `metricsRollingPercentileWindow` to `metricsRollingPercentileWindowInMilliseconds`,"""Update HystrixCommandProperties: Add metricsRollingPercentileWindowInMilliseconds property""",0.8122987151145935,0.7992280125617981,0.8008341193199158,0.0,0.0,0.04873498938813618,0.17585027609449969,0.17239011984822197,0.18857146110901774,0.0,0.0,0.058823529411764705,0.3200984001159668,0.1491697132587433,0.06327635794878006,0.161459818482399,0.010585829615592957,0.02534271404147148,0.000763038347940892,0.30075233429670334,0.12106919102370739,0.02819473296403885,0.12748600542545319,-0.17364904284477234,-0.07916456833481789,-0.0001572505570948124,0.0,0.0,0.15384615384615383
77,js,"Revert "" failing test ; $ pull from array obj literals """,Update model to support arrays of mixed types.,Remove test case for `pull` with arrays of Mixed and start new schema definition.,"""Implemented pull functionality for mixed array""",0.8283570408821106,0.8331788182258606,0.8390224575996399,0.0,0.04736913377107213,0.02719665272174911,0.14670751776851448,0.21333852010641732,0.21159064783371298,0.043103448275862065,0.043859649122807015,0.0819672131147541,0.8314937949180603,0.9448499083518982,0.001567075029015541,0.020325874909758568,0.14881230890750885,0.06212543696165085,0.016543662175536156,0.8190494934096932,0.9343059184029698,-0.9931637551635504,-0.9256852511316538,0.10849612206220627,-0.6367392614483833,-0.17420423962175846,0.0,0.28571428571428575,0.18181818181818182
121,js,"Open to correct line on Webstorm , IntelliJ and AppCode",Update launchEditor.js with new function getArgumentsForLineNumber.,"Add support for WStorm, AppCode, and IntelliJ as editors.","""Refactored line number handling in launchEditor.js""",0.8365675210952759,0.8429230451583862,0.9003803133964539,0.0,0.04196114906296548,0.04789232204309912,0.16733683931202775,0.17149369246522228,0.3705005362964455,0.0,0.05208333333333333,0.10101010101010102,0.44526511430740356,0.02076895721256733,0.07340522855520248,0.4547841250896454,0.0018292361637577415,0.006665268447250128,0.7497504353523254,0.44211911130696535,0.011669917963445187,0.013981956988573074,0.2996077537536621,0.001066029944922775,-0.08460786798968911,0.74934624278103,0.0,0.125,0.1111111111111111
305,js,"Add creation validation configuration , e . g . in order to check whether the user is authorized to create the room type",Add `canBeCreated` and `canBeDeleted` methods to `RoomTypeConfig` class.,Add canBeCreated and canBeDeleted methods to RoomTypeConfig class,"""Adds permission checks to RoomTypeConfig""",0.8305352330207825,0.8611366152763367,0.8300275802612305,0.020289699885655786,0.006679009843017161,0.010071241994100784,0.15626352404661453,0.13135141628878327,0.16441838231716355,0.046511627906976744,0.04716981132075471,0.046511627906976744,0.9648435115814209,0.8855217099189758,0.8509865999221802,0.07663705199956894,0.0011072885245084763,0.9894505143165588,0.0035741201136261225,0.9646618680126267,0.8824683325365186,0.8505081753246486,0.06931686913594604,-0.016386665403842926,0.9878655491629615,-0.023064842214807868,0.14285714285714288,0.08000000000000002,0.14285714285714288
432,js,Ensure there ' s at least two set for minChunks,Update webpack config to improve performance.,Update webpack configuration to use Math.max for minChunks with a minimum of 2 chunks.,"""Update webpack config for better code splitting and optimization""",0.848563551902771,0.8306401371955872,0.8681776523590088,0.0,0.03747776736677921,0.045739135561238015,0.12729310547131115,0.13986224802034644,0.30412859423823757,0.0,0.05050505050505051,0.24572649572649571,0.7187443375587463,0.43909260630607605,0.9947350025177002,0.9863877296447754,0.058427151292562485,0.04738898575305939,0.009832270443439484,0.7181983180344105,0.43583094934001565,0.9946635771266301,0.9861967889446532,0.05774415971245617,0.04637112852651626,0.009522233332972974,0.0,0.1111111111111111,0.16666666666666669
502,js,Fold on selection - dont expand in the demo . Otherwise it ' s hard to test nested folding,Add fold detection and expansion logic.,Fix demo script to always add fold instead of conditionally expanding or adding,"""Implemented folding logic in demo.js""",0.8607321977615356,0.85369473695755,0.8480026125907898,0.0118271569172795,0.03732910952137789,0.02315472233965254,0.19236781311476092,0.20440585148126875,0.28217048385082344,0.02824858757062147,0.056818181818181816,0.10869565217391304,0.9713834524154663,0.8959383368492126,0.08058684319257736,0.002276783576235175,0.042017653584480286,0.7023302912712097,0.053636565804481506,0.9637719956226647,0.8782964628189802,-0.045964114367961884,-0.008987783687189221,0.03545296285301447,0.5908623337745667,-0.004519723355770111,0.09090909090909091,0.18181818181818182,0.13793103448275862
613,js,Expose original function being bound to route in router : bind event,Update router bind function to support multiple verbs.,Add `originalFn` to emit data and correct verb property naming in bindFunction(),"""Implemented bindFunction in router""",0.8839132189750671,0.8814471364021301,0.8602321147918701,0.04831252436962163,0.05971932565563823,0.02908317710573758,0.28880846713861646,0.2702865524840984,0.30423783614169164,0.17241379310344826,0.04464285714285714,0.08333333333333333,0.18352919816970825,0.9740468263626099,0.6630546450614929,0.8064980506896973,0.013135632500052452,0.5867455005645752,0.10064967721700668,0.16487376391887665,0.9644845025613904,0.6588360629975796,0.7503535859286785,-0.10295415855944157,0.22961050271987915,0.09995079133659601,0.2105263157894737,0.26666666666666666,0.17391304347826086
815,js,Allow event functions to be defined as functions AND strings .,Refactor emitEvent to use options[type] if it's a string.,Add check for method being a string before accessing it as a property,"""Implemented emitEvent function in sortable mixin""",0.8614410758018494,0.8480529189109802,0.8686851859092712,0.03673526562988939,0.0,0.030890553181566974,0.23162946421479713,0.2858930114996459,0.17225603499971365,0.09259259259259259,0.04761904761904762,0.13392857142857142,0.7649288773536682,0.97471684217453,0.23986229300498962,0.4422355592250824,0.1368848830461502,0.03270865976810455,0.08945322036743164,0.7525100614875555,0.9655913300812244,0.2276895958930254,0.15423637628555298,0.12564813438802958,-0.21123714745044708,0.07361728511750698,0.09523809523809525,0.0,0.08695652173913043
871,js,Added C + + 11 tokens to highlighting rules,Update C++ highlight rules for Ace editor.,Update C/C++ highlight rules to include modern types and keywords.,"""Update c_cpp_highlight_rules.js""",0.8605379462242126,0.8304528594017029,0.8526023030281067,0.16784459625186193,0.033864985683445356,0.11114924776032006,0.3565688243170974,0.2965643066169004,0.35135887780430386,0.21306818181818182,0.0,0.2808302808302808,0.2946179509162903,0.09180015325546265,0.16671088337898254,0.04264150559902191,0.05588584020733833,0.09621082246303558,0.06402895599603653,0.2766662836074829,0.04554804041981697,0.15939567238092422,-0.009519297629594803,-0.3324446491897106,0.08116530999541283,0.06296524393837899,0.2857142857142857,0.30769230769230765,0.2222222222222222
951,js,Cleanup wrapper resets and add assert for returning function ` object ` values .,"""Refactor lodash.mixin to use a function wrapper""",Add reset function and use it to clean up test state,"""Implemented lodash mixin functionality in test.js""",0.8406569361686707,0.8278595805168152,0.8628831505775452,0.037550011571774476,0.02812739937159535,0.033930265691828276,0.24143049775783892,0.17575396596595688,0.26394671017833216,0.03759398496240601,0.03787878787878788,0.145985401459854,0.4920213520526886,0.9294986128807068,0.33021098375320435,0.9560229182243347,0.17184299230575562,0.03867064043879509,0.24783509969711304,0.3990393802523613,0.925508956424892,0.32822230039164424,0.9542328208917752,0.050293415784835815,-0.603547889739275,0.2442926422227174,0.10526315789473685,0.0,0.18181818181818182
1923,js,"throw Error for errors , and warn in browser and shell","""Update PDF parser to handle new syntax""",Fix warnings and errors for better error handling in PDF.js,"""Add Java code for error and warning messages""",0.8434730768203735,0.8705188632011414,0.890998899936676,0.0,0.04515183688171633,0.04789232204309912,0.11615398922934571,0.3364666173289248,0.3228275289462685,0.0,0.18691588785046728,0.27522935779816504,0.03750687092542648,0.7225570678710938,0.12831561267375946,0.3464351296424866,0.03284613415598869,0.021167248487472534,0.006351159885525703,-0.04053953289985657,0.6853848621249199,0.10309949144721031,0.3446607494261116,-0.23432521894574165,-0.008388910442590714,-0.5667354594916105,0.0,0.22222222222222224,0.1904761904761905
31,php,ResponseBuilder : creates a valid response with feed's content,Add HTTP headers for response format and cache control.,Add PHP declaration and docblock to ResponseBuilder class,"""Adds ResponseBuilder class with construct and createResponse methods""",0.8574105501174927,0.8512377142906189,0.8481355309486389,0.04196114906296548,0.04990049701936832,0.04873498938813618,0.21747306456529386,0.4663346765047255,0.3116016139031833,0.05555555555555555,0.11235955056179774,0.05617977528089887,0.5540763735771179,0.5327943563461304,0.14303430914878845,0.21703945100307465,0.0012476530391722918,0.1416216641664505,0.002646238077431917,0.5524134166771546,0.5185494814068079,0.13143166434019804,0.21300780586898327,0.00017291633412241936,0.11776826530694962,0.0010156403295695782,0.1111111111111111,0.23529411764705882,0.11764705882352941
47,php,set 'content:encoded' as an alias of 'description'. Fix,Update Rss standard to include content:encoded in description.,Add content:encoded attribute to Description rule in Rss.php,"""Update Rss class rule set""",0.8928372859954834,0.8355123996734619,0.8821638822555542,0.04456882760699064,0.03708659055657029,0.0402724819242185,0.4963774109509052,0.08989160961300609,0.4722746129572776,0.0,0.0,0.0,0.6577698588371277,0.8801301717758179,0.9802995920181274,0.01937359757721424,0.021151386201381683,0.06125470995903015,0.0022583056706935167,0.656872815801762,0.8783261786447838,0.9801678397343494,-0.015184881165623665,0.020552598289214075,0.056826707907021046,0.0020261113240849227,0.3333333333333333,0.14285714285714285,0.3157894736842105
138,php,"use Serializable interface
avoid ""Exception: Serialization of 'ReflectionParameter' is not allowed""",Add serialization support to InjectionPoint.,Add Serializable interface and related methods to InjectionPoint class,"""Add serialization methods to InjectionPoint class""",0.86583411693573,0.8733053803443909,0.8581154942512512,0.0,0.031021609279760064,0.05470976424122262,0.2259942273241083,0.2371558620317846,0.35916792954424265,0.04807692307692308,0.04761904761904762,0.1736111111111111,0.8487643599510193,0.1860201507806778,0.44234204292297363,0.01045050099492073,0.029579415917396545,0.004390857182443142,0.0009760764078237116,0.8481229947065003,0.14622046425938606,0.4383406233973801,-0.9614961557090282,-0.005377959460020065,-0.7278393292799592,-0.0034196930355392396,0.12500000000000003,0.11764705882352942,0.19999999999999998
204,php,Ensure modified download offer is used when performing update,Update bulk upgrade method to use download offer present in each item.,Add transient filter to ensure upgrader uses correct download offers during bulk update.,"""Implemented upgrade package filter for WP_CLI commands""",0.8850249648094177,0.8333728909492493,0.8990164399147034,0.06178110636313396,0.0,0.03377156414337854,0.36425191462150275,0.15119964120098117,0.3989079807049097,0.33938172043010756,0.0,0.3357712765957447,0.9855126738548279,0.8146897554397583,0.9550060629844666,0.9600922465324402,0.006892744917422533,0.11850117892026901,0.029866591095924377,0.9852246194204781,0.7431513741612434,0.9547408047947101,0.9593617389327846,-0.00034688645973801613,0.05723336711525917,0.028705048142001033,0.1904761904761905,0.0,0.27272727272727276
218,php,Convert plugin command and subcommand help summaries (and other method DocBlock summaries) to use third-person singular verbs.,Update plugin command messages,Update verb tense consistency in plugin command descriptions.,"""Update plugin commands in WP_CLI""",0.8773674368858337,0.8408036828041077,0.8887396454811096,0.005851325583910783,0.014044464769840424,0.031085510465301072,0.14563377322712892,0.14304290439856454,0.20877326657531572,0.11942675159235669,0.11867088607594935,0.11645962732919254,0.409676730632782,0.18115848302841187,0.47696033120155334,0.5836132168769836,0.2918607294559479,0.024695977568626404,0.8495028018951416,0.3592378869652748,0.08506904542446136,0.44982089288532734,0.48404327780008316,0.263507267460227,0.016542128287255764,0.8485108892200515,0.1818181818181818,0.08333333333333333,0.15384615384615383
219,php,Convert theme command and subcommand help summaries (and other method DocBlock summaries) to use third-person singular verbs.,Update theme command messages.,Fix minor wording inconsistencies in theme command descriptions.,"""Update theme commands in WP_CLI""",0.8903250098228455,0.8360480070114136,0.8757699728012085,0.011771425536443692,0.014044464769840424,0.031085510465301072,0.14309201904363006,0.1372034449074184,0.19199580099117664,0.11942675159235669,0.11867088607594935,0.11645962732919254,0.6422367095947266,0.27284449338912964,0.18020744621753693,0.40165677666664124,0.768439769744873,0.024666590616106987,0.02757379226386547,0.4820353239774704,-0.061619967222213745,0.05337582528591156,-0.00706908106803894,0.7501381449401379,0.011159355752170086,0.026680843031499535,0.1818181818181818,0.08333333333333333,0.15384615384615383
224,php,"Limit addition of URL property when item is a class
See",Add `url` property to plugin or theme objects in `CommandWithUpgrade` class.,Add type check for stdClass in CommandWithUpgrade::list_items() method.,"""Add condition to check if item is instance of stdClass""",0.8591461181640625,0.87546306848526,0.8501262664794922,0.02908317710573758,0.07495553473355841,0.0,0.26752183825107284,0.26421812938273126,0.1966333273016265,0.045454545454545456,0.28956422018348627,0.04672897196261682,0.9926518797874451,0.9890150427818298,0.8638034462928772,0.216987743973732,0.008656119927763939,0.41937005519866943,0.04853987693786621,0.9925423731547198,0.9886763983522542,0.8627220776397735,-0.024818286299705505,-0.39739021100103855,0.26172395050525665,-0.12354660034179688,0.2727272727272727,0.1904761904761905,0.0
228,php,Handle extension activation for WP error or on not found,Update upgrade logic to check for WP_Error and non-empty fetcher result.,Fix command upgrade logic and remove unused code.,"""Improved upgrade command validation""",0.8598461747169495,0.8309898972511292,0.8423709869384766,0.0567967744513558,0.0,0.0,0.20625521154621132,0.13745256384903373,0.11280561837995032,0.049504950495049514,0.0,0.0,0.19377639889717102,0.0038431419525295496,0.04733700305223465,0.273656964302063,0.10167139768600464,0.36289218068122864,0.07598057389259338,0.1930444278405048,0.003227616776712239,0.04525632713921368,0.25544395484030247,0.09838183759711683,0.3483905093744397,0.07246889942325652,0.2608695652173913,0.0,0.0
233,php,Display warning in theme list info if theme version is higher than expected,Update theme list with version and update information.,Add logic to check if theme version is higher than expected and update theme list accordingly.,"""Add theme version info and update checks to Theme_Command class""",0.8839061856269836,0.8660658001899719,0.9226553440093994,0.06766165252145301,0.06285596338261262,0.3853856918030314,0.2830118295200768,0.29458657033569113,0.6360166388032432,0.12,0.20122484689413825,0.6186763204307065,0.963744580745697,0.4586554169654846,0.14822064340114594,0.30344507098197937,0.3162040412425995,0.00653407908976078,0.08985724300146103,0.9619905576109886,0.4558101443108171,0.1309750471264124,0.2496456429362297,0.30045456252992153,-0.0025849342346191406,0.08852835115976632,0.2857142857142857,0.24999999999999994,0.4827586206896552
244,php,Workaround to equalize folder naming conventions across Win/Mac/Linux for WPCLI Themes,Workaround to equalize folder naming conventions across Win/Mac/Linux.,Add workaround for theme fetching across OSes and update comments.,"""Fixes theme fetching issue on Windows""",0.9644266963005066,0.8569204211235046,0.8665399551391602,0.7820963401693352,0.0,0.030981749906855875,0.8391197353238894,0.1142732988411778,0.25401158862949397,0.6532519549876025,0.04761904761904762,0.1834862385321101,0.9424839019775391,0.011034762486815453,0.33002445101737976,0.2690064609050751,0.9622381329536438,0.12409181892871857,0.1270601600408554,0.9420880335965194,0.009902342222630978,0.3293407600140199,0.26634936197660863,0.9585798273328692,-0.14534185826778412,0.1260395454009995,0.8695652173913044,0.0,0.17391304347826086
100,py,Use IPython . external for pexpect import .,Update import statements to use local copy of pexpect.,Update import statement for pexpect to include rationale and dependency management info.,"""Update imports and usage string in irunner.py""",0.8781629204750061,0.8303301930427551,0.8699138164520264,0.05522397783539471,0.03747776736677921,0.07347053125977879,0.3050418720942936,0.18057021389788727,0.34458140308651186,0.1234567901234568,0.06329113924050632,0.30423280423280424,0.4075530767440796,0.5923218727111816,0.874783456325531,0.9062567353248596,0.013699370436370373,0.06743044406175613,0.015341326594352722,0.04225465655326843,0.5717596858739853,0.8735280181281269,0.8795734662562609,-0.8646223964169621,-0.05362280458211899,0.014488846238236874,0.26666666666666666,0.0,0.2222222222222222
103,py,Simpler code for Semaphore . acquire ( ) as a context manager .,Improve Semaphore.acquire() to support coroutines.,Refactor Semaphore acquire to use _ReleasingContextManager and remove unused imports/contextmanager.,"""Implemented Tornado locks with context management""",0.8866189122200012,0.8427827954292297,0.8632420897483826,0.30457527453468214,0.029559265264674433,0.03737437943747671,0.41339469167716447,0.3075415056428561,0.5116091032158668,0.0,0.04065040650406504,0.07874015748031496,0.22250553965568542,0.5185335278511047,0.1000526025891304,0.2213648408651352,0.06927385926246643,0.0007171105244196951,0.0069167278707027435,0.1905975453555584,0.29870811104774475,0.03432789444923401,-0.2612026780843735,0.059756225906312466,-0.9923126627109013,0.005125516792759299,0.26666666666666666,0.13333333333333333,0.19999999999999998
105,py,Try harder to provoke the exception since the ia64 buildbot still,Fix IOError when writing to file.,Add flush and close calls to ensure file operations are completed before exception check,"""Fixes IOError in test_resource.py""",0.8402033448219299,0.8242833018302917,0.830507755279541,0.03708659055657029,0.0,0.03377156414337854,0.08442072199447616,0.08624682563766749,0.2771586787015397,0.04761904761904762,0.0,0.08849557522123894,0.2548636198043823,0.5853689908981323,0.0872824415564537,0.0027403191197663546,0.01181907206773758,0.01832592487335205,0.004200102761387825,0.23673797771334648,0.5710722375661135,0.07566296774893999,-0.008329486241564155,-0.1903747245669365,-0.6304627656936646,-0.012944227084517479,0.11764705882352942,0.0,0.16
125,py,populate_db : Add random names for large user batches .,Add extra users to populate_db.py for testing.,Add configurable name generation for extra users inpopulate_db.py,"""Adds extra users to the database""",0.8870799541473389,0.8633990287780762,0.887456476688385,0.14991106946711685,0.0,0.08516593018819639,0.3315762328962911,0.14256791339680375,0.3619682363763315,0.15463917525773196,0.05208333333333333,0.20408163265306123,0.9891428351402283,0.9356638193130493,0.7804064154624939,0.21945975720882416,0.009808838367462158,0.9497010707855225,0.8660022616386414,0.9885223406599835,0.9294883944094181,0.7731394288130105,-0.5321819931268692,0.009306801424827427,0.9454041132703424,0.8606380033306777,0.3333333333333333,0.0,0.2105263157894737
219,py,Conditionally create the CustomHTTPSConnection class only if we have the required baseclasses .,"""Refactor HTTPS connection and handler for custom HTTPS support""",Add conditional HTTPS support for certain environments without OpenSSL,"""Add SSL verification for HTTPS urls""",0.8560221791267395,0.8493480682373047,0.8480080962181091,0.0,0.0,0.0,0.25458340055546735,0.1041281710817849,0.21697909914948746,0.0,0.0,0.03968253968253969,0.5087476372718811,0.6407122015953064,0.9195199012756348,0.06259502470493317,0.14198468625545502,0.14084021747112274,0.0030050920322537422,0.4849447663873434,0.5321846827864647,0.9177356180734932,-0.47256843745708466,0.13218358531594276,0.07105820626020432,0.0022553978487849236,0.0,0.0,0.0
268,py,Do not count unmatched videos for - - max - downloads ( Fixes ),Refactor: Improve download count increment and max downloads check.,Add max_downloads check and remove increment_downloads method,"""Refactored and improved file downloading process""",0.8510169386863708,0.8236936330795288,0.8398312926292419,0.037550011571774476,0.0,0.033930265691828276,0.2839700699082607,0.20573583769024117,0.24138164410048563,0.11111111111111112,0.03787878787878788,0.0,0.6177794337272644,0.02854667603969574,0.015162796713411808,0.01968122087419033,0.24176090955734253,0.2645440101623535,0.020850209519267082,0.6162838286254555,0.025854150531813502,-0.9076358368620276,-0.8944708053022623,0.23942449246533215,0.2573262001387775,0.014124604407697916,0.3333333333333333,0.0,0.2222222222222222
286,py,Script to create . app bundles . Largely untested .,"""Add support for Cocoa program with main nib file""",Add script to build macOS application bundles from Python,"""Add Python script to create Mac app bundle""",0.8311163187026978,0.8682823181152344,0.8613742589950562,0.0,0.092875289995668,0.05073552004225951,0.11149825783972124,0.46287426980593627,0.29419997728523867,0.0,0.38265306122448983,0.25813692480359146,0.03937136009335518,0.9223842620849609,0.7763538360595703,0.005966858938336372,0.03615869581699371,0.00039139282307587564,0.002081535989418626,-0.130085539072752,0.9188137389719486,0.7718805177137256,0.0006893700920045376,-0.16643357276916504,-0.00039091191138140857,0.0013761738082394004,0.0,0.5333333333333333,0.375
372,py,Test method test_grid_search_incorrect_param_grid has been renamed to test_grid_search_param_grid_includes_sequence_of_a_zero_length .,Update test_grid_search_incorrect_param_grid to test_grid_search_param_grid_includes_sequence_of_a_zero_length,Update test name and add zero-length sequence check in GridSearch test,"""Update test_grid_search: Change param_grid to include non-empty sequence""",0.9580110907554626,0.8848564624786377,0.8474076986312866,0.7950901644265714,0.0830013405312785,0.003868807862238467,0.8155845163260773,0.31472491282942405,0.20469505624307938,0.3006535947712418,0.05617977528089887,0.05434782608695651,0.5980122089385986,0.3981707990169525,0.11334950476884842,0.09824509918689728,0.9777542352676392,0.9412277936935425,0.8911895155906677,0.5756497532129288,0.39332681661471725,0.11047728825360537,-0.49934421479701996,0.9776553195697488,0.939919852768071,0.8909715192567091,0.8571428571428571,0.4,0.1714285714285714
633,py,"Added directory checking for documentation builds , and corrected for Windows pathing",Update example generation logic to handle new directory structure.,Add generated directory and ensure all example directories exist before generating RST files.,"""Implemented error handling and added missing directories""",0.861106276512146,0.8573801517486572,0.8493866920471191,0.03435488317233919,0.03416211359799978,0.03377156414337854,0.22742385289960498,0.23361183945286418,0.27864220289172653,0.042735042735042736,0.08695652173913043,0.08264462809917354,0.5107154250144958,0.5073975920677185,0.5103800892829895,0.01174247357994318,0.2089671939611435,0.9687805771827698,0.03187570348381996,0.47492504864931107,0.35904882848262787,0.4108857959508896,0.009609924396499991,0.19245347008109093,0.9538481142371893,0.027623103465884924,0.09999999999999999,0.1111111111111111,0.16666666666666669
647,py,Added support for multiple SAJ solar inverters ( ),Update SAJ sensor component to support inverter name.,Add support for custom inverter name in SAJ sensor setup,"""Update SAJ sensor setup: Add inverter name option""",0.904640793800354,0.8810660243034363,0.9177359938621521,0.05669791110976001,0.03747776736677921,0.092875289995668,0.3562313412336946,0.3081162351519066,0.4527609506216648,0.16853932584269662,0.11235955056179774,0.3468406593406593,0.9440956711769104,0.5301586389541626,0.5320701003074646,0.028996415436267853,0.013372469693422318,0.4642954468727112,0.016966624185442924,0.9377531167119741,0.4311739504337311,0.49004893749952316,-0.022368166595697403,0.009358252864331007,0.4546533692628145,-0.058937737718224525,0.13333333333333333,0.13333333333333333,0.3529411764705882
9,rust,Support self-signed values and improve fingerprint support in TLS module,"""Update Signature and TlsCert implementations""",Add methods for validating signed values and improve TLS certificate interface.,"""Implemented TLS signature validation and self-signed validation""",0.873354434967041,0.8951305747032166,0.9254627227783203,0.042781792646066956,0.0561480827173619,0.13545994273378142,0.13982800931276557,0.3050368478555222,0.42806175586931483,0.052631578947368425,0.15463917525773196,0.37128712871287134,0.03665848448872566,0.3806940019130707,0.1715708076953888,0.07968003302812576,0.4642861485481262,0.8508132100105286,0.6574742197990417,0.03392548416741192,0.37305924482643604,0.17035299015697092,0.07892253692261875,0.4330984689295292,0.8030606210231781,0.6544496032875031,0.12500000000000003,0.2105263157894737,0.45454545454545453
23,rust,Bring `Display` impl for `reactor::validator::Event` in line with convention,Update event formatting in validator.rs,Fix event formatting to use consistent prefix notation.,"""Implemented Display for Event in validator.rs""",0.870610773563385,0.8669394850730896,0.8548829555511475,0.014064939156282435,0.025510844747806752,0.0,0.21372206412238312,0.29967191122001424,0.16833949830591086,0.05813953488372093,0.1149425287356322,0.0,0.4288419187068939,0.8755791783332825,0.054369401186704636,0.08886680006980896,0.2468101680278778,0.954788863658905,0.1601877063512802,0.40633012168109417,0.8603482954204082,-0.0013107061386108398,0.08558298065327108,0.24205405870452523,0.9383540134876966,0.14026843756437302,0.23529411764705885,0.4444444444444444,0.10526315789473685
24,rust,NO-TICKET: update logging config to handle outputting spans,"Improve tracing subscriber formatting by adding dimmed style for date/time and log level, and enabling span information output.",Add FormattedFields and improve span and field formatting in config.rs.,"""Update config.rs: Add span information and dimmed date/time""",0.8526694178581238,0.8539655804634094,0.8544656038284302,0.0,0.03125190763972442,0.030890553181566974,0.28352169769810426,0.21445900682192667,0.2298665906639635,0.11111111111111112,0.0625,0.06097560975609756,0.4350634813308716,0.26191437244415283,0.08509200066328049,0.3501357138156891,0.045997254550457,0.002751767635345459,0.006684121675789356,0.43415408628061414,0.1854097917675972,-0.018336251378059387,0.055054664611816406,0.044945365050807595,0.002677370110177435,0.005561489728279412,0.0,0.2105263157894737,0.09999999999999999
38,rust,Add a minimal testing implementation for a small_network reactor,Add test for SmallNetwork component.,Add tests for `small_network` module.,"""Adds module test, enum Event, struct Message, and impls for TestReactor""",0.9033450484275818,0.8418325185775757,0.914330244064331,0.041949309054502545,0.024455939372403628,0.16058516370438436,0.2260311910702462,0.22727285478727344,0.30257132324619973,0.17441860465116277,0.05434782608695651,0.17441860465116277,0.7055138349533081,0.9768557548522949,0.7272570133209229,0.46215373277664185,0.9848272800445557,0.003554411232471466,0.9674980044364929,0.6903023943305016,0.9759468354750425,0.7191277109086514,0.3910948634147644,0.9829020634060726,0.003117726184427738,0.9638399858959019,0.26666666666666666,0.09523809523809525,0.5
63,rust,"Implement single step of test execution.
Adds a couple more basic structs that turned out to be needed while implementing the `crank` method.","""Added Target enum and struct for message recipients""",Add targeted messages and consensus instance trait; update test harness and node structures.,"""Adds ConsensusInstance trait and related structs""",0.8605795502662659,0.8597444295883179,0.8510447144508362,0.0,0.006108517050807526,0.014042387286444458,0.13031384030214532,0.12586706024708788,0.18858722491478092,0.023255813953488372,0.0,0.04545454545454545,0.906086802482605,0.7748227715492249,0.772468090057373,0.12787607312202454,0.0009864071616902947,0.28550028800964355,0.02660375088453293,0.9008717052638531,0.7697754390537739,0.768299846444279,0.0960681363940239,0.0004521312075667083,0.27995466301217675,-0.7432791665196419,0.0,0.13793103448275862,0.05555555555555555
70,rust,Make node creation functions return node id as well as a reference for convenience,Update `add_node` to return a tuple of `NodeId` and `&mut reactor::Runner<TestReactor>`,Update add_node to return node ID and runner tuple.,"""Refactored add_node and add_node_with_config methods""",0.8395868539810181,0.8420840501785278,0.8888710737228394,0.019011755113058346,0.03125190763972442,0.06344849033136085,0.18621369799502008,0.14707495419725283,0.20855177550582987,0.072992700729927,0.0,0.2181069958847737,0.38691774010658264,0.4320048391819,0.9357157945632935,0.2434156835079193,0.007551746908575296,0.11045163869857788,0.011628835462033749,0.22122745215892792,0.3959909863770008,0.9214011933654547,0.23144094925373793,0.007243391242809594,0.10810171952471137,0.01132796730962582,0.21428571428571427,0.17391304347826086,0.3333333333333333
75,rust,Store a `server_span` for the server background task,Update TLS keys and server span for SmallNetwork component.,Add tracing spans for network initialization and server task.,"""Update tokio and tracing dependencies, add server span""",0.8856209516525269,0.8588809967041016,0.8861003518104553,0.045213568961134494,0.04069582841180383,0.045213568961134494,0.21706735028992497,0.20816660493401862,0.24481608808068164,0.1234567901234568,0.0625,0.1234567901234568,0.874808132648468,0.2511816620826721,0.8534173965454102,0.43743157386779785,0.010017678141593933,0.007271295879036188,0.0143570676445961,0.8737428231397644,0.2435593088157475,0.8365168962627649,0.4290849072858691,-0.054721325635910034,0.006125670857727528,-0.22266864031553268,0.3333333333333333,0.23529411764705882,0.3333333333333333
102,rust,Panic instead of using anyhow for duplicate IDs in test `Network`,Add node with config: fix duplicate node ID insertion,Update network.rs to use Result and add panic documentation for add_node methods.,"""Implemented add_node_with_config and updated error handling""",0.8591573238372803,0.8165920376777649,0.8484334349632263,0.031085583786586424,0.0,0.022869567780619007,0.23826746754642472,0.1674659514802716,0.22441832806491133,0.09259259259259259,0.0,0.13513513513513514,0.34233155846595764,0.06252467632293701,0.04481079429388046,0.25874412059783936,0.020948031917214394,0.01057759765535593,0.001309556420892477,0.3331336798146367,0.05859742313623428,0.03717754175886512,0.18909233808517456,-0.3857037927955389,-0.04923646058887243,-0.0011270951945334673,0.09999999999999999,0.0,0.16
118,rust,"Provide a better description of ""Requests"" in `effects` docs.",Update Requests comments and add Responder field.,Update documentation for requests to clarify their purpose and usage.,"""Update effect.rs: Refactor requests and add Responder field""",0.8639628291130066,0.8629704117774963,0.8808096647262573,0.031021609279760064,0.037644257151903664,0.02853183878886449,0.21079866252772217,0.2594400726798229,0.2245710710750398,0.0,0.0,0.0,0.2787690758705139,0.03867756202816963,0.07893670350313187,0.017764313146471977,0.021593399345874786,0.0379820317029953,0.9223968386650085,0.26226571947336197,0.029527973383665085,0.07845339251798578,0.01727760973153636,0.019865499110892415,0.027623584493994713,0.9222908230149187,0.125,0.1111111111111111,0.10526315789473685
127,rust,Return an HTTP 500 error if metrics collection failed,Update `api_server.rs` to use `Cow` and `StatusCode` for better error handling.,Update API server configuration and error handling for metrics collection.,"""Update api_server.rs: Use Cow for error handling""",0.8414642810821533,0.8434137105941772,0.8875130414962769,0.017272237992167868,0.028398387225677894,0.08295193507109859,0.13883893588671833,0.132053288471968,0.43879838559358986,0.05434782608695651,0.05681818181818182,0.10989010989010987,0.14447671175003052,0.15322957932949066,0.4547939896583557,0.04647447168827057,0.004302609711885452,0.027375023812055588,0.08941251784563065,0.14087487757205963,-0.13700737059116364,0.4341023452579975,0.030596168711781502,0.003772678959649056,-0.049793440848588943,0.08845209103310481,0.09090909090909093,0.1111111111111111,0.3157894736842105
